"GDP, current prices (Billions of U.S. dollars)",1980,1981,1982,1983,1984,1985,1986,1987,1988,1989,1990,1991,1992,1993,1994,1995,1996,1997,1998,1999,2000,2001,2002,2003,2004,2005,2006,2007,2008,2009,2010,2011,2012,2013,2014,2015,2016,2017,2018,2019,2020,2021,2022,2023,2024,2025,2026,2027,2028,2029
,,,,,,,,,,,,,,,,,,,,,,,,,,,,,,,,,,,,,,,,,,,,,,,,,,
Afghanistan,no data,no data,no data,no data,no data,no data,no data,no data,no data,no data,no data,no data,no data,no data,no data,no data,no data,no data,no data,no data,no data,no data,4.367,4.553,5.146,6.167,6.925,8.556,10.297,12.066,15.325,17.89,20.293,20.17,20.616,20.057,18.02,18.883,18.336,18.876,20.136,14.288,14.467,no data,no data,no data,no data,no data,no data,no data
Albania,1.946,2.229,2.296,2.319,2.29,2.339,2.587,2.566,2.53,2.779,2.221,1.333,0.843,1.461,2.361,2.882,3.2,2.259,2.56,3.209,3.483,3.928,4.348,5.611,7.185,8.052,8.896,10.677,12.881,12.044,11.937,12.899,12.324,12.784,13.246,11.389,11.862,13.053,15.157,15.399,15.192,17.984,19.083,22.743,25.431,26.911,28.691,30.542,32.534,34.674
Algeria,45.957,48.156,48.599,51.582,55.906,66.346,66.783,68.698,56.07,57.041,67.171,50.65,53.414,55.309,46.044,45.654,50.945,52.287,52.297,53.011,59.418,59.413,61.516,73.482,91.914,107.047,123.084,142.483,180.384,150.317,177.785,218.332,227.144,229.701,238.943,187.494,180.764,190.004,194.507,193.361,164.774,185.884,225.631,244.746,266.78,277.339,287.038,294.125,300.405,306.032
Andorra,no data,no data,no data,no data,no data,no data,no data,no data,no data,no data,no data,no data,no data,no data,no data,no data,no data,no data,no data,no data,1.429,1.547,1.758,2.362,2.896,3.158,3.456,3.952,4.082,3.675,3.446,3.625,3.189,3.193,3.267,2.789,2.895,2.993,3.217,3.155,2.885,3.325,3.376,3.726,3.897,4.033,4.16,4.289,4.421,4.554
Angola,6.639,6.214,6.214,6.476,6.864,8.457,7.918,9.05,9.818,11.421,12.571,12.186,9.395,6.819,4.965,6.197,7.994,9.388,7.958,7.526,11.166,10.93,15.286,17.813,23.552,36.971,52.381,65.266,88.539,70.307,83.799,111.79,128.053,136.71,145.712,116.194,101.124,122.022,101.353,84.516,57.139,74.861,122.826,94.381,92.123,95.386,98.704,104.687,109.642,114.976
Antigua and Barbuda,0.131,0.148,0.164,0.182,0.208,0.241,0.29,0.337,0.399,0.439,0.459,0.482,0.499,0.535,0.589,0.577,0.634,0.681,0.728,0.766,0.826,0.8,0.814,0.856,0.92,1.023,1.158,1.313,1.37,1.228,1.149,1.138,1.2,1.181,1.25,1.337,1.437,1.468,1.605,1.675,1.416,1.561,1.758,1.954,2.127,2.258,2.367,2.48,2.6,2.725
Argentina,233.696,189.802,94.25,116.267,130.544,98.599,118.565,121.561,142.386,91.352,158.024,211.979,255.787,264.429,287.835,288.497,304.282,327.436,334.244,316.998,317.759,300.421,112.458,142.431,164.911,199.273,232.892,287.921,363.545,334.633,424.729,527.644,579.666,611.471,563.614,642.464,556.774,643.861,524.431,446.762,385.218,487.377,630.662,654.892,604.26,558.957,592.49,629.443,663.404,694.081
Armenia,no data,no data,no data,no data,no data,no data,no data,no data,no data,no data,no data,no data,0.108,0.835,0.648,1.287,1.597,1.639,1.892,1.845,1.912,2.118,2.376,2.807,3.577,4.9,6.384,9.206,11.662,8.648,9.26,10.142,10.619,11.121,11.61,10.553,10.546,11.527,12.458,13.619,12.642,13.879,19.514,24.155,25.408,27.151,29.151,31.284,33.575,36.048
Aruba,no data,no data,no data,no data,no data,no data,no data,no data,no data,no data,no data,no data,no data,no data,no data,1.321,1.38,1.532,1.665,1.723,1.873,1.896,1.962,2.044,2.255,2.36,2.47,2.678,2.843,2.554,2.454,2.638,2.615,2.728,2.791,2.963,2.984,3.092,3.276,3.396,2.559,3.103,3.545,3.937,4.069,4.181,4.308,4.442,4.58,4.723
Australia,162.957,188.448,187.087,179.514,197.175,174.419,181.514,213.142,271.143,308.356,324.069,324.449,318.084,309.298,353.374,379.095,424.75,426.412,381.5,412.062,400.254,378.004,425.486,541.343,658.941,736.417,783.356,950.04,1056.715,1000.983,1254.773,1515.485,1570.239,1520.194,1457.632,1234.526,1263.874,1382.612,1419.098,1388.204,1364.901,1657.799,1724.924,1741.882,1790.348,1863.238,1940.478,2016.877,2107.311,2208.401
Austria,80.923,70.121,70.111,71.032,67.007,68.624,97.375,121.771,133.591,133.263,166.866,174.435,195.506,190.383,203.97,241.234,237.343,213.045,218.557,217.475,197.377,197.51,214.243,262.208,301.321,316.267,336.298,389.231,432.005,401.323,392.595,431.609,409.661,430.197,442.699,382.01,395.728,417.114,455.198,444.645,434.701,479.614,471.216,519.71,540.887,561.734,581.023,598.329,615.262,632.535
Azerbaijan,no data,no data,no data,no data,no data,no data,no data,no data,no data,no data,no data,no data,1.193,1.309,2.258,2.417,3.177,4.317,4.28,4.581,5.273,5.475,6.232,7.276,8.682,13.239,20.983,33.05,48.852,44.297,52.909,65.952,69.684,74.164,75.235,52.997,37.83,41.375,47.113,48.174,42.693,54.825,78.721,76.639,78.749,81.438,84.596,88.192,92.414,97.433
"Bahamas, The",2.598,2.692,3.031,3.373,3.603,3.923,4.241,4.669,4.855,5.473,5.218,5.128,5.125,5.097,5.372,5.653,5.95,6.332,6.833,7.684,8.076,8.318,8.881,8.87,9.055,9.836,10.167,10.618,10.526,9.982,10.096,10.07,10.72,10.395,10.998,11.673,11.751,12.254,12.654,13.059,9.755,11.528,12.897,13.816,14.39,14.926,15.443,15.959,16.522,17.102
Bahrain,3.593,4.056,4.264,4.368,4.534,4.278,3.347,3.626,4.481,4.675,4.965,5.209,5.442,5.986,6.411,6.787,7.057,7.318,6.996,7.582,9.063,9.189,9.594,11.075,13.15,15.969,18.505,21.73,25.711,22.938,25.713,28.777,30.749,32.539,33.388,31.051,32.235,35.474,37.802,38.654,34.622,39.289,44.383,44.674,46.79,48.729,50.733,52.982,55.427,58.098
Bangladesh,24.775,26.355,24.678,23.904,26.817,28.819,29.639,32.449,34.914,38.07,41.068,42.488,43.292,43.684,46.438,51.842,55.445,57.599,59.879,61.526,61.687,62.537,65.036,71.755,77.152,79.53,86.028,95.374,109.765,122.76,138.094,154.097,159.749,179.676,207.102,233.687,265.236,293.755,321.379,351.238,373.902,416.265,460.201,446.349,455.162,491.815,546.924,613.706,691.865,779.978
Barbados,1.018,1.12,1.171,1.243,1.355,1.418,1.557,1.714,1.823,2.018,2.024,2.032,1.957,2.075,2.163,2.229,2.377,2.513,2.833,2.969,3.059,3.055,3.106,3.21,3.444,3.82,4.217,4.674,4.785,4.466,4.53,4.658,4.61,4.677,4.696,4.725,4.833,4.982,5.097,5.367,4.78,4.945,5.841,6.388,6.863,7.268,7.643,8.019,8.412,8.81
Belarus,no data,no data,no data,no data,no data,no data,no data,no data,no data,no data,no data,no data,12.8,11.408,15.687,10.532,14.494,14.091,15.215,12.133,10.785,12.778,15.092,18.42,23.928,31.239,38.219,46.815,62.798,50.855,57.22,61.368,65.669,75.496,78.736,56.329,47.703,54.723,60.011,64.414,61.312,68.207,72.835,71.805,69.048,70.815,73.435,76.402,80.005,83.378
Belgium,123.478,102.245,89.958,85.037,81.237,84.467,117.063,145.411,158.097,159.816,200.149,205.369,228.732,218.72,238.622,288.301,279.292,253.022,258.876,258.5,236.897,236.748,258.2,318.004,369.047,385.927,408.281,470.978,517.27,482.73,481.814,523.239,496.467,521.799,535.529,462.383,475.931,502.587,543.546,535.925,525.843,601.149,583.895,630.11,655.192,673.248,693.456,714.154,737.174,759.32
Belize,0.223,0.232,0.232,0.244,0.273,0.271,0.295,0.345,0.407,0.47,0.533,0.578,0.672,0.726,0.75,0.796,0.828,0.845,0.892,0.95,1.082,1.129,1.199,1.267,1.356,1.427,1.584,1.699,1.732,1.681,1.739,1.819,1.9,2.022,2.125,2.195,2.241,2.267,2.293,2.387,2.048,2.425,2.831,3.094,3.296,3.456,3.589,3.726,3.869,4.017
Benin,2.302,1.557,1.542,1.365,1.456,1.58,2.036,2.43,2.552,2.37,2.89,2.954,3.284,3.199,2.227,2.993,3.251,3.124,3.362,3.681,3.522,3.666,4.191,5.348,6.187,6.571,7.034,8.17,9.787,9.728,9.543,10.691,11.148,12.518,13.288,11.389,11.818,12.697,14.257,14.392,15.674,17.699,17.439,19.398,21.371,23.107,24.927,26.914,29.064,31.398
Bhutan,0.132,0.143,0.15,0.162,0.168,0.174,0.197,0.238,0.273,0.272,0.293,0.254,0.248,0.26,0.263,0.308,0.324,0.362,0.398,0.418,0.454,0.474,0.517,0.616,0.7,0.818,0.876,1.071,1.353,1.274,1.511,1.842,1.931,1.967,1.933,2.126,2.218,2.445,2.651,2.618,2.586,2.623,2.869,2.897,3.11,3.395,3.705,3.98,4.283,4.654
Bolivia,3.589,3.44,3.813,3.609,3.752,4.059,3.97,4.323,4.598,4.716,4.868,5.335,5.635,5.724,5.974,6.707,7.385,7.919,8.49,8.269,8.385,8.155,7.917,8.092,8.785,9.573,11.52,13.216,16.792,17.464,19.786,24.135,27.282,30.883,33.237,33.241,34.189,37.782,40.581,41.193,36.897,40.703,44.315,46.473,49.334,52.52,55.752,59.205,62.871,66.761
Bosnia and Herzegovina,no data,no data,no data,no data,no data,no data,no data,no data,no data,no data,no data,no data,no data,no data,no data,no data,3.584,4.578,5.281,5.766,5.554,5.784,6.711,8.477,10.157,10.935,12.46,15.323,18.712,17.601,17.164,18.629,17.207,18.155,18.522,16.404,17.117,18.326,20.484,20.483,20.226,23.673,24.535,27.216,29.078,30.754,32.436,34.052,35.72,37.722
Botswana,1.174,1.037,1.094,1.208,1.2,1.117,1.515,2.374,3.082,3.441,3.799,3.802,3.928,3.957,4.258,4.805,4.926,5.011,4.808,5.413,5.682,5.46,5.395,7.469,8.819,9.833,9.919,10.566,10.731,10.118,12.637,15.111,13.907,14.272,15.47,13.531,15.083,16.105,17.032,16.696,14.93,18.737,20.352,20.445,21.418,22.779,24.828,26.791,28.909,31.184
Brazil,145.819,167.583,179.166,143.652,142.957,226.938,263.256,286.539,320.105,439.434,455.335,399.249,382.465,429.184,546.764,770.86,851.146,883.862,864.307,599.642,655.454,559.982,509.798,558.232,669.29,891.633,1107.628,1397.114,1695.855,1669.204,2208.704,2614.027,2464.053,2471.718,2456.055,1800.046,1796.622,2063.519,1916.934,1873.286,1476.092,1670.65,1951.849,2173.671,2331.391,2437.906,2596.117,2760.057,2903.891,3058.227
Brunei Darussalam,no data,no data,no data,no data,no data,4.831,3.291,3.872,3.689,4.109,4.923,5.254,5.526,5.588,6.002,7.153,7.204,7.043,5.353,5.779,6.65,6.206,6.475,7.266,8.723,10.561,12.71,13.571,15.949,11.892,13.707,18.525,19.048,18.094,17.098,12.93,11.4,12.128,13.567,13.469,12.006,14.006,16.682,15.128,15.51,16.319,17.025,17.771,18.678,19.769
Bulgaria,37.751,40.718,42.467,43.641,46.358,39.692,35.13,40.721,66.546,67.774,29.882,2.928,11.882,6.449,11.338,18.992,12.295,11.317,15.031,13.628,13.246,14.183,16.403,21.146,26.158,29.868,34.38,44.432,54.476,52.024,50.69,57.682,54.297,55.82,57.081,50.766,53.929,59.288,66.398,68.889,70.311,84.1,90.422,101.611,107.933,114.461,120.579,126.442,132.618,138.756
Burkina Faso,2.386,2.076,1.934,1.767,1.579,1.746,2.29,2.665,2.942,2.942,3.488,3.526,3.775,3.599,2.164,2.676,2.909,2.753,3.155,3.388,2.961,3.19,3.62,4.74,5.449,6.15,6.548,7.627,9.45,9.44,10.118,12.078,12.569,13.444,13.947,11.833,12.829,14.094,15.916,16.031,17.754,19.654,18.906,20.382,21.902,23.56,25.237,27.011,28.929,30.961
Burundi,0.951,0.989,1.045,1.106,1.005,1.17,1.233,1.161,1.088,1.131,1.131,1.167,1.082,0.938,0.924,1,0.868,0.972,0.893,0.866,0.87,0.877,0.825,0.785,0.915,1.117,1.273,1.356,1.612,1.775,2.032,2.236,2.333,2.456,2.706,3.104,2.96,3.172,3.037,3.012,3.086,3.351,3.917,4.216,3.075,3.299,3.787,4.226,4.654,4.97
Cabo Verde,0.157,0.154,0.155,0.152,0.145,0.152,0.21,0.26,0.292,0.295,0.339,0.353,0.395,0.398,0.448,0.536,0.553,0.54,0.575,0.657,0.609,0.616,0.679,0.825,0.943,1.041,1.084,1.231,1.472,1.662,1.825,2.047,1.913,2.029,2.042,1.75,1.855,1.965,2.073,2.231,1.83,1.999,2.246,2.52,2.718,2.904,3.092,3.293,3.505,3.734
Cambodia,no data,no data,no data,no data,no data,no data,0.208,0.142,0.279,0.35,0.909,2.033,2.466,2.453,2.795,3.479,3.545,3.481,3.164,3.551,3.707,4.154,4.507,5.054,5.879,7.058,8.342,10.117,12.162,12.49,13.796,16.017,17.829,19.806,22.04,24.217,26.591,29.394,33.181,36.682,34.681,36.299,39.063,41.855,45.15,48.725,52.61,56.747,61.097,65.607
Cameroon,8.85,10.026,9.616,9.692,10.243,10.698,13.945,16.152,16.403,14.626,14.641,16.325,14.963,15.611,10.622,10.075,11.227,11.352,11.338,11.553,10.245,10.95,12.369,15.944,18.803,19.534,20.912,23.931,27.712,27.903,27.53,30.626,30.174,33.729,36.396,32.213,33.805,36.086,39.992,39.673,40.863,45.391,44.508,48.958,53.205,57.661,61.828,66.137,70.232,74.693
Canada,276.064,307.246,314.639,341.863,356.728,366.184,379.015,433.14,509.38,567.225,596.089,612.514,594.376,579.059,579.913,605.941,630.598,655.01,634.004,678.417,744.631,738.968,760.149,895.599,1026.473,1173.505,1319.356,1468.896,1552.864,1376.509,1617.345,1793.327,1828.362,1846.595,1805.751,1556.508,1527.996,1649.266,1725.3,1743.725,1655.685,2007.472,2161.483,2140.086,2242.182,2360.581,2469.208,2576.318,2688.151,2805.774
Central African Republic,0.714,0.743,0.719,0.69,0.67,0.883,1.158,1.275,1.372,1.354,1.572,1.498,1.494,1.309,0.858,1.117,1,0.979,1.036,1.039,0.868,0.899,0.983,1.188,1.31,1.413,1.538,1.755,2.033,2.059,2.141,2.435,2.512,1.692,1.896,1.696,1.825,2.072,2.28,2.278,2.388,2.584,2.459,2.632,2.81,2.986,3.165,3.338,3.515,3.711
Chad,1.006,1.19,1.15,1.151,1.236,1.34,1.65,1.87,2.186,2.065,2.488,2.465,2.57,2.246,1.819,2.23,2.479,2.382,2.69,2.37,2.142,2.638,3.076,4.227,6.816,9.097,10.249,11.993,14.354,12.998,14.289,16.237,16.174,16.92,18.213,14.508,13.4,13.344,15.334,14.917,14.615,16.047,16.417,17.493,18.697,19.698,20.783,21.964,23.252,24.632
Chile,29.032,34.374,25.63,20.819,20.246,17.36,18.662,22.01,25.947,29.889,33.231,38.249,46.597,49.855,57.517,74.119,78.575,85.73,81.996,75.596,78.25,71.517,70.295,76.508,99.079,122.315,153.84,172.565,179.663,171.794,217.105,251.225,267.165,277.218,259.394,242.515,249.306,276.357,295.428,278.04,254.06,315.601,302.16,335.658,333.76,374.753,391.385,408.875,426.968,445.147
"China, People's Republic of",303.004,288.699,284.601,305.428,314.23,310.133,300.92,327.728,408.663,458.18,396.59,413.209,492.148,617.433,561.686,730.996,860.468,957.991,1024.167,1088.346,1205.532,1333.649,1465.829,1656.962,1949.446,2290.019,2754.149,3555.655,4577.28,5088.992,6033.83,7492.212,8539.584,9624.928,10524.241,11113.508,11226.897,12265.327,13841.812,14340.6,14862.564,17759.307,17848.54,17662.041,18532.633,19790.074,21027.664,22276.918,23579.013,24842.337
Colombia,46.501,50.661,54.252,53.92,53.257,48.581,48.648,50.64,54.592,55.048,56.071,57.954,68.579,77.721,97.665,110.564,116.13,127.49,117.725,103.132,99.27,97.606,97.353,94.072,116.382,145.601,161.793,206.23,242.505,232.469,286.498,334.966,370.691,382.094,381.24,293.492,282.719,311.89,334.124,323.055,270.348,318.525,345.33,363.616,386.076,400.48,417.861,439.433,462.1,485.35
Comoros,0.242,0.212,0.201,0.195,0.188,0.191,0.257,0.312,0.336,0.328,0.401,0.4,0.436,0.427,0.314,0.392,0.392,0.362,0.363,0.372,0.339,0.373,0.427,0.547,0.622,0.656,0.689,0.796,0.916,0.904,0.909,1.023,1.016,1.116,1.15,0.966,1.013,1.077,1.179,1.188,1.218,1.273,1.225,1.34,1.422,1.516,1.617,1.716,1.818,1.924
"Congo, Dem. Rep. of the",68.606,59.726,64.939,52.378,34.951,31.943,35.84,33.932,39.314,40.006,41.448,40.25,36.333,47.45,25.746,25.021,32.099,28.819,21.089,19.147,19.077,7.246,8.72,9.022,10.275,12.72,15.403,18.598,22.665,18.626,22.34,26.406,30.074,34.908,38.355,40.154,38.086,39.461,48.037,50.891,49.613,58.182,65.927,67.268,73.761,83.082,91.93,102.155,111.926,122.371
"Congo, Republic of ",2.165,1.775,1.548,1.407,1.294,1.327,1.815,2.205,2.346,2.478,2.909,3.035,3.28,3.004,2.068,2.457,2.84,2.568,2.24,2.646,3.624,3.038,3.33,3.863,5.101,6.654,8.073,8.784,11.649,9.713,13.159,15.653,17.704,17.959,17.918,11.891,10.928,11.83,14.781,13.977,11.485,13.387,13.961,14.423,15.501,16.229,17.084,18.076,19.188,20.527
Costa Rica,4.854,2.636,2.619,3.162,3.678,3.941,4.425,4.554,4.636,5.25,5.737,7.197,8.566,9.586,10.489,11.578,11.683,12.618,13.688,14.259,15.016,15.979,16.584,17.277,18.615,20.049,22.717,26.885,30.802,30.746,37.656,42.762,47.231,50.949,52.017,56.442,58.847,60.517,62.422,64.412,62.382,64.954,69.235,86.509,96.058,102.334,108.021,114.297,120.956,127.867
Croatia,no data,no data,no data,no data,no data,no data,no data,no data,no data,no data,no data,no data,0.568,7.355,16.663,20.65,22.097,22.094,23.963,23.585,22.138,23.063,26.739,35.249,41.836,45.05,49.601,59.325,68.512,62.021,58.869,62.724,57.391,59.494,59.358,50.862,52.497,56.042,61.508,61.475,57.718,69.129,71.657,82.044,88.076,92.315,97.053,101.634,106.426,111.286
Cyprus,2.314,2.242,2.319,2.321,2.447,2.611,3.317,3.979,4.589,4.901,6.003,6.195,7.424,7.098,8.004,9.937,10.016,9.544,10.251,10.502,9.988,10.397,11.422,14.552,17.328,18.713,20.422,24.082,27.955,26.02,25.821,27.637,25.063,23.96,23.232,19.911,21.04,22.938,25.609,25.95,25.207,29.502,29.274,32.185,34.221,35.935,37.806,39.796,41.804,43.817
Czech Republic,no data,no data,no data,no data,no data,no data,no data,no data,no data,no data,no data,no data,no data,no data,no data,60.139,67.388,62.171,66.782,65.173,61.823,67.809,82.184,100.125,119.815,137.143,156.264,189.988,237.131,207.558,209.07,229.563,208.858,211.686,209.359,188.033,196.272,218.629,249.001,252.548,245.975,281.791,290.566,332.025,325.88,337.53,351.158,365.662,381.166,397.087
CÃ´te d'Ivoire,13.877,11.502,10.32,9.312,9.284,9.47,12.675,13.944,14.092,13.487,14.923,14.504,15.416,15.268,11.492,15.205,16.78,16.203,17.433,17.114,14.851,15.485,17.148,21.206,22.924,23.626,24.628,28.158,33.621,33.693,34.431,35.529,37.03,43.228,48.882,45.815,48.408,52.512,58.522,60.383,63.119,72.833,72.046,79.978,86.911,93.892,101.688,109.883,118.67,128.306
Denmark,71.127,61.878,60.413,60.645,59.105,62.658,88.079,109.414,115.552,112.41,138.248,139.226,152.915,143.195,156.164,185.008,187.633,173.539,176.991,177.964,164.158,164.791,178.635,218.097,251.375,264.467,282.886,319.424,353.359,321.243,321.995,344.003,327.149,343.584,352.994,302.673,313.116,332.121,356.841,346.499,354.763,405.688,400.167,405.199,409.989,424.326,441.465,458.995,477.516,496.843
Djibouti,no data,no data,no data,no data,no data,no data,no data,no data,no data,no data,0.635,0.65,0.672,0.655,0.691,0.699,0.694,0.706,0.722,0.759,0.781,0.811,0.837,0.882,0.936,0.996,1.08,1.191,1.382,1.426,1.544,1.74,1.901,2.044,2.221,2.424,2.605,2.763,2.913,3.089,3.185,3.386,3.726,4.023,4.364,4.715,5.103,5.498,5.926,6.322
Dominica,0.073,0.082,0.09,0.099,0.109,0.119,0.135,0.152,0.171,0.185,0.201,0.22,0.234,0.246,0.264,0.275,0.292,0.303,0.322,0.332,0.333,0.34,0.333,0.343,0.367,0.364,0.39,0.421,0.458,0.489,0.494,0.501,0.486,0.498,0.52,0.541,0.576,0.522,0.555,0.612,0.504,0.555,0.607,0.658,0.708,0.753,0.793,0.833,0.874,0.913
Dominican Republic,8.672,9.698,9.141,9.461,14.87,6.496,7.891,8.305,7.605,8.589,7.995,9.887,11.605,13.081,14.645,16.637,18.242,20.017,21.672,22.137,24.306,25.602,27.249,21.518,22.506,35.948,37.998,44.067,48.206,48.319,53.921,58.088,60.747,62.758,67.264,71.254,75.777,80.082,85.63,89.032,78.923,94.458,113.873,119.966,127.356,136.3,145.936,156.48,167.823,179.897
Ecuador,16.116,16.501,16.474,14.478,15.408,18.02,13.222,12.355,11.749,11.531,11.71,13.139,14.367,16.783,20.238,21.98,23.001,25.847,26.292,18.891,17.531,23.127,27.054,30.965,35.195,40.279,45.691,49.849,61.139,60.095,68.151,78.987,87.735,96.57,102.718,97.21,97.671,104.467,107.479,107.596,95.865,107.435,116.586,120.175,121.592,124.408,128.731,133.47,138.747,144.301
Egypt,23.523,25.76,30.479,37.254,41.888,48.841,54.076,77.359,92.53,115.362,96.087,48.431,44.168,49.526,54.55,63.25,71.118,79.777,89.189,95.039,104.752,102.273,90.261,85.163,82.855,94.127,112.902,137.055,170.797,198.316,230.024,247.726,294.482,303.194,321.634,350.119,351.443,246.826,263.156,317.894,382.525,423.3,475.231,393.909,347.594,328.845,374.251,426.392,482.639,539.606
El Salvador,3.912,3.449,3.406,3.261,2.385,2.319,2.335,2.374,2.771,3.167,4.818,5.252,5.813,6.68,7.679,8.922,9.586,10.222,10.937,11.284,11.785,12.283,12.664,13.244,13.725,14.698,16,17.012,17.987,17.602,18.448,20.284,21.386,21.991,22.593,23.438,24.191,24.979,26.021,26.881,24.921,29.043,31.989,34.016,35.333,37.09,38.859,40.643,42.44,44.325
Equatorial Guinea,0.032,0.03,0.035,0.04,0.044,0.074,0.091,0.111,0.119,0.105,0.133,0.132,0.16,0.162,0.12,0.169,0.276,0.526,0.44,0.738,1.159,1.674,2.071,3.768,5.954,8.187,10.095,13.089,19.83,15.088,16.314,21.357,22.388,21.949,21.765,13.185,11.241,12.201,13.097,11.364,9.894,12.269,11.767,10.284,10.708,10.734,10.926,11.431,11.831,12.443
Eritrea,no data,no data,no data,no data,no data,no data,no data,no data,no data,no data,no data,no data,0.606,0.374,0.433,0.483,0.579,0.594,0.626,0.614,0.547,0.582,0.564,0.673,0.858,0.85,0.937,1.02,0.923,1.297,1.59,2.065,2.255,1.958,2.604,2.016,2.213,1.904,2.006,1.982,no data,no data,no data,no data,no data,no data,no data,no data,no data,no data
Estonia,no data,no data,no data,no data,no data,no data,no data,no data,no data,no data,no data,no data,no data,1.791,2.507,3.909,4.785,5.16,5.678,5.772,5.707,6.269,7.391,9.891,12.158,14.126,17.047,22.476,24.433,19.693,19.568,23.21,23.034,25.116,26.641,22.893,24.066,26.915,30.639,31.294,31.305,36.889,37.951,40.757,43.486,45.476,47.695,50.003,52.501,55.205
Eswatini,0.754,0.798,0.714,0.734,0.628,0.497,0.635,0.831,0.986,1.006,1.237,1.285,1.425,1.497,1.621,1.932,1.83,1.957,1.797,1.764,1.739,1.544,1.436,2.198,2.774,3.177,3.293,3.465,3.298,3.596,4.438,4.826,4.887,4.6,4.426,4.061,3.815,4.407,4.667,4.495,3.984,4.851,4.791,4.868,5.085,5.306,5.527,5.776,6.01,6.198
Ethiopia,7.385,7.578,7.973,8.863,8.375,9.808,10.188,10.89,11.285,11.872,12.595,13.928,14.696,9.143,8.135,7.887,8.794,8.621,7.815,7.515,8.167,8.103,7.828,8.604,10.122,12.387,15.31,19.329,26.25,28.672,26.887,30.48,42.221,46.544,54.165,63.081,72.12,76.841,80.207,92.608,96.611,99.269,118.968,159.747,205.13,236.044,265.498,295.859,329.998,368.713
Fiji,1.303,1.339,1.293,1.217,1.276,1.236,1.398,1.276,1.202,1.281,1.448,1.5,1.659,1.772,1.977,2.134,2.307,2.268,1.795,2.104,1.824,1.798,1.996,2.509,2.954,3.257,3.361,3.688,3.816,3.106,3.402,4.094,4.303,4.539,4.857,4.682,4.93,5.353,5.581,5.444,4.432,4.305,4.98,5.497,5.801,6.103,6.441,6.792,7.163,7.546
Finland,53.714,52.62,53.111,51.056,53.032,56.223,73.652,91.775,109.255,119.106,141.718,128.194,113.134,89.279,103.739,134.339,132.183,127.076,134.212,135.398,126.075,129.534,140.305,171.609,197.39,204.999,217.101,256.408,285.685,253.222,249.628,275.556,258.454,271.366,274.934,234.558,240.705,255.558,275.833,268.545,271.668,296.668,282.109,300.499,308.055,318.583,329.774,341.682,353.842,365.673
France,702.243,618.954,588.015,562.499,532.339,557.561,772.838,935.117,1020.878,1026.179,1272.433,1273.594,1404.391,1324.236,1396.653,1602.13,1606.035,1454.555,1505.184,1494.634,1366.243,1377.667,1500.348,1844.083,2118.671,2198.16,2320.659,2660.905,2929.983,2697.955,2647.348,2864.653,2685.371,2811.919,2856.701,2439.436,2472.282,2594.235,2792.223,2729.171,2645.3,2958.296,2780.433,3031.778,3130.014,3223.133,3332.653,3437.176,3544.996,3645.286
Gabon,4.559,4.111,3.853,3.689,3.547,3.736,4.889,3.699,4.079,4.458,6.339,5.754,5.955,5.757,4.463,5.281,6.064,5.673,4.774,4.966,5.397,5.023,5.332,6.51,7.767,9.468,10.164,12.457,15.57,12.188,14.384,18.207,17.181,17.596,18.209,14.385,14.02,14.924,16.83,16.824,15.337,20.229,21.076,20.524,21.013,21.099,21.425,21.831,22.357,22.871
"Gambia, The",0.606,0.579,0.548,0.551,0.396,0.482,0.376,0.504,0.585,0.614,0.721,0.76,0.82,0.878,0.87,0.909,0.949,0.983,1.009,1.036,1.01,1.002,0.887,0.843,0.962,1.028,1.054,1.28,1.562,1.45,1.543,1.41,1.415,1.376,1.229,1.355,1.47,1.498,1.662,1.806,1.809,2.045,2.161,2.362,2.694,3.006,3.226,3.408,3.61,3.885
Georgia,no data,no data,no data,no data,no data,no data,no data,no data,no data,no data,no data,no data,no data,no data,0.85,1.961,3.148,3.608,3.73,2.898,3.144,3.311,3.493,4.103,5.269,6.59,7.979,10.458,13.158,11.069,12.425,15.475,16.894,17.516,17.966,15.223,15.445,16.472,17.905,17.645,16.013,18.849,24.985,30.536,32.865,35.554,38.234,41.051,43.754,47.549
Germany,853.705,718.264,693.547,691.912,651.9,661.037,944.124,1174.861,1266.623,1257.393,1598.64,1875.618,2136.312,2072.457,2209.934,2588.002,2498.113,2214.694,2242.065,2197.125,1948.843,1945.804,2077.016,2501.014,2813.076,2848.438,2994.862,3425.982,3744.854,3407.557,3402.444,3748.655,3529.377,3733.859,3890.095,3357.926,3468.896,3689.547,3976.246,3889.607,3884.615,4281.348,4085.681,4457.366,4591.1,4772.259,4941.646,5089.795,5229.272,5358.074
Ghana,37.35,60.694,70.406,47.317,17.113,15.255,14.072,11.777,12.523,12.733,14.749,16.506,16.312,13.348,12.32,14.61,15.482,15.794,17.166,17.766,11.47,12.234,14.205,17.528,20.302,24.6,28.883,34.044,38.659,34.601,43.327,53.849,56.854,63.702,54.285,49.437,56.144,60.385,67.259,68.353,70.008,79.599,72.243,76.277,75.244,76.019,81.084,86.456,92.244,98.554
Greece,57.01,52.605,54.878,49.603,48.329,47.936,56.421,65.682,76.447,79.25,97.963,105.633,116.466,109.022,116.678,136.941,145.872,143.327,144.644,149.412,132.198,136.31,154.455,202.319,240.854,248.012,273.561,318.94,355.87,330.949,297.368,282.946,242.183,238.911,235.519,195.703,193.095,199.774,212.146,205.275,188.329,214.811,217.753,238.275,250.276,260.452,270.034,278.721,287.758,297.028
Grenada,0.111,0.116,0.125,0.132,0.146,0.168,0.188,0.215,0.236,0.267,0.278,0.301,0.31,0.31,0.325,0.342,0.367,0.392,0.446,0.482,0.52,0.52,0.54,0.591,0.599,0.695,0.699,0.759,0.826,0.771,0.771,0.779,0.8,0.843,0.911,0.997,1.062,1.126,1.167,1.213,1.043,1.123,1.231,1.328,1.406,1.487,1.566,1.644,1.726,1.812
Guatemala,7.718,8.431,8.539,8.864,9.276,10.951,5.921,6.857,7.426,8.561,7.535,9.174,10.138,11.045,12.482,14.05,14.992,16.982,18.461,17.422,18.124,19.735,21.924,23.092,24.977,28.179,31.308,35.028,40.242,37.997,41.493,47.419,49.902,52.989,57.835,62.18,66.034,71.624,73.331,77.156,77.714,86.041,95.004,102.036,110.035,117.986,126.587,135.893,146.054,156.974
Guinea,2.4,2.381,2.335,2.284,2.327,2.473,2.675,2.84,3.317,3.384,3.71,4.195,4.57,4.562,4.707,5.139,5.316,5.212,5.003,4.798,4.039,3.806,4.022,4.759,5.012,4.506,4.178,6.317,6.966,6.753,6.858,6.775,7.387,8.376,8.777,8.79,8.604,10.325,11.857,13.443,14.089,16.32,19.589,23.005,25.447,27.216,29.027,31.064,33.255,35.384
Guinea-Bissau,0.289,0.37,0.421,0.475,0.33,0.485,0.474,0.401,0.374,0.449,0.548,0.772,0.846,0.653,0.361,0.778,0.741,0.704,0.592,0.58,0.392,0.413,0.466,0.553,0.582,0.64,0.635,0.753,0.953,0.889,0.941,1.157,1.05,1.11,1.136,1.153,1.245,1.469,1.555,1.487,1.523,1.725,1.718,1.969,2.151,2.321,2.5,2.694,2.89,3.081
Guyana,0.842,0.808,0.692,0.703,0.654,0.697,0.789,0.728,0.828,0.832,0.685,0.744,0.823,1.003,1.176,1.332,1.495,1.587,1.5,1.488,1.497,1.504,1.555,1.592,1.657,1.712,1.899,2.225,2.491,2.596,2.889,3.328,4.063,4.168,4.128,4.28,4.483,4.748,4.788,5.174,5.471,7.662,14.529,17.05,21.178,23.685,28.005,28.985,30.076,31.268
Haiti,2.664,2.932,3.05,3.273,3.627,4.028,4.475,2.205,1.45,1.34,1.706,1.53,0.918,1.107,3.054,4.846,5,5.748,6.408,7.148,6.81,6.285,6.064,4.866,6.037,7.186,7.507,9.522,10.488,11.598,11.852,13.009,13.709,14.904,15.137,14.831,13.996,15.036,16.454,14.787,14.508,21.017,19.826,21.533,24.046,24.359,24.214,24.158,24.582,25.372
Honduras,3.968,4.044,4.267,4.477,4.915,5.278,5.678,6.191,6.877,7.877,4.923,4.649,4.944,4.961,4.642,5.415,5.217,5.736,6.366,6.417,7.104,7.653,7.858,8.23,8.868,9.756,10.917,12.361,13.887,14.587,15.839,17.711,18.523,18.494,19.753,20.978,21.712,23.138,24.067,25.091,23.826,28.49,31.716,34.886,37.355,39.624,41.962,44.462,47.107,49.922
Hong Kong SAR,28.862,31.055,32.291,29.907,33.511,35.7,41.076,50.623,59.708,68.79,76.929,88.96,104.272,120.354,135.812,144.652,159.718,177.349,168.858,165.734,171.643,169.381,166.336,161.37,169.085,181.556,193.515,211.583,219.279,214.048,228.639,248.514,262.629,275.697,291.46,309.386,320.86,341.271,361.731,363.075,344.941,368.954,358.696,376.969,406.775,427.782,449.263,471.607,494.999,519.326
Hungary,23.042,23.629,24.064,21.839,21.174,21.441,24.698,27.144,29.703,30.323,34.366,34.754,38.731,40.125,43.167,46.426,46.659,47.297,48.707,49.073,47.218,53.75,67.609,85.285,104.121,113.211,115.716,140.187,158.326,131.069,132.175,141.942,128.814,135.684,141.034,125.174,128.61,143.112,160.566,164.011,157.227,182.09,178.121,212.61,223.413,240.121,254.15,269.148,285.531,302.462
Iceland,3.434,3.543,3.251,2.793,2.892,3.009,4.014,5.561,6.145,5.7,6.504,6.949,7.105,6.225,6.393,7.124,7.426,7.57,8.504,8.982,9.026,8.235,9.318,11.429,13.825,16.853,17.465,21.653,18.075,13.154,13.751,15.222,14.752,16.125,17.868,17.517,20.793,24.728,26.261,24.681,21.63,25.798,28.702,31.02,33.338,35.802,38.559,41.6,44.922,48.475
India,186.17,193.153,200.035,218.218,211.843,233.52,248.398,278.864,294.479,296.043,320.979,270.105,288.21,279.295,327.275,360.281,392.902,415.895,421.378,458.821,468.396,485.44,514.938,607.701,709.152,820.385,940.26,1216.736,1198.895,1341.889,1675.615,1823.052,1827.637,1856.721,2039.127,2103.588,2294.797,2651.474,2702.93,2835.606,2674.852,3167.271,3353.471,3572.078,3937.011,4339.83,4789.829,5287.04,5833.423,6436.653
Indonesia,99.296,110.848,113.799,103.149,107.218,107.062,101.22,95.214,107.279,122.582,138.258,154.558,168.28,190.913,213.727,244.227,274.722,260.68,115.323,169.158,179.482,174.507,212.807,255.346,279.344,310.92,396.518,470.092,558.291,578.577,755.094,892.969,917.87,912.524,890.815,860.854,931.877,1015.619,1042.272,1119.1,1059.055,1186.51,1319.076,1371.171,1475.69,1613.904,1746.604,1886.118,2035.959,2194.815
Iran,95.846,101.481,125.8,156.927,161.721,180.541,208.928,277.019,311.932,379.427,581.008,304.065,50.472,64.449,79.818,114.941,158.032,184.138,205,275.092,366.917,330.978,132.682,158.416,188.961,228.428,272.361,360.928,425.699,440.408,517.899,625.43,421.882,428.321,460.809,408.288,458.042,486.829,333.774,241.658,195.528,289.294,347.446,403.526,464.181,486.247,509.425,532.17,554.011,576.239
Iraq,no data,no data,no data,no data,no data,no data,no data,no data,no data,no data,no data,no data,no data,no data,no data,no data,no data,no data,10.469,18.449,25.857,18.936,18.97,15.8,36.642,50.065,65.144,88.833,131.614,111.66,138.517,185.75,218.032,234.638,234.651,177.634,167.807,192.343,227.186,232.558,181.402,206.372,261.369,254.416,265.894,278.811,292.147,307.465,325.197,345.074
Ireland,21.425,20.423,21.313,20.618,19.883,21.168,28.516,33.66,36.875,38.03,48.199,48.84,54.911,51.364,55.843,69.26,75.928,82.957,90.305,98.993,100.253,109.347,128.505,164.63,194.283,211.993,232.193,270.112,275.417,236.187,222.096,239.129,225.262,238.115,259.75,292.394,298.477,337.124,386.868,398.977,428.266,513.733,533.559,545.787,564.02,586.864,612.631,639.446,667.93,696.95
Israel,25.013,26.503,28.404,31.678,29.989,27.873,34.314,40.984,50.77,51.657,60.955,69.146,77.265,77.656,88.646,105.307,114.868,119.248,120.359,121.167,136.228,134.622,125.055,131.314,139.9,147.103,158.722,184.069,220.551,212.452,238.913,267.406,262.919,297.636,314.092,302.724,320.96,357.229,375.151,399.652,411.731,489.71,525.003,509.478,530.664,569.509,594.688,621.711,651.253,682.284
Italy,479.122,434.498,429.408,445.612,440.268,454.653,643.932,808.203,895.423,931.283,1162.272,1227.727,1302.796,1047.616,1080.544,1175.276,1312.782,1243.229,1271.702,1253.691,1147.185,1168.032,1275.866,1577.228,1805.723,1859.245,1949.654,2213.365,2408.391,2197.54,2137.844,2294.592,2088.28,2141.954,2162.567,1836.824,1876.554,1961.104,2092.881,2011.525,1895.943,2156.31,2068.598,2255.503,2328.028,2390.443,2439.622,2492.629,2558.678,2625.878
Jamaica,2.565,2.817,3.235,2.875,2.119,1.993,2.369,2.672,3.184,3.692,4.663,4.285,4.328,5.44,5.453,6.549,7.394,8.4,8.787,8.887,9.065,9.195,9.719,9.43,10.175,11.233,11.946,12.881,13.743,12.107,13.193,14.413,14.765,14.213,13.865,14.154,14.108,14.755,15.648,15.808,13.885,14.674,17.003,18.884,20.098,20.856,21.544,22.256,22.997,23.763
Japan,1129.381,1245.224,1158.735,1270.864,1345.829,1427.025,2120.091,2580.757,3125.735,3109.464,3185.914,3648.078,3980.715,4536.955,4998.798,5545.566,4923.393,4492.449,4098.363,4635.982,4968.36,4374.71,4182.845,4519.564,4893.135,4831.467,4601.663,4579.75,5106.679,5289.494,5759.072,6233.148,6272.362,5212.328,4896.995,4444.931,5003.678,4930.837,5040.881,5117.995,5055.587,5034.621,4256.41,4212.944,4110.452,4310.366,4499.524,4649.09,4836.331,4944.744
Jordan,3.932,4.416,4.713,4.953,5.003,5.033,6.445,6.794,6.364,4.279,4.187,4.373,5.403,5.615,6.321,6.759,7.054,7.389,8.163,8.414,8.725,9.268,9.972,10.575,11.771,13.134,15.795,17.957,22.648,24.538,27.134,29.524,31.679,34.503,36.9,38.642,39.949,41.667,43.432,44.566,43.762,46.362,48.722,50.989,53.57,56.556,59.709,63.038,66.553,70.263
Kazakhstan,no data,no data,no data,no data,no data,no data,no data,no data,no data,no data,no data,no data,2.875,5.152,11.881,16.639,21.035,22.166,22.135,16.87,18.292,22.153,24.637,30.834,43.152,57.125,81.003,104.85,133.442,115.309,148.047,192.626,207.999,236.635,221.416,184.388,137.289,166.806,179.34,181.667,171.082,197.112,225.529,260.51,296.74,312.99,327.308,350.694,370.044,388.61
Kenya,13.449,12.667,12.196,11.279,11.703,11.646,13.832,15.163,15.722,15.586,16.219,15.315,15.084,10.479,12.547,15.905,18.064,18.3,20.63,18.594,18.206,18.697,19.03,21.391,22.79,26.308,29.668,36.708,41.059,42.347,45.406,46.555,56.407,61.703,68.395,70.37,74.816,81.965,92.211,100.328,100.912,109.875,113.701,108.923,104.001,109.646,118.046,126.229,135.491,145.378
Kiribati,0.033,0.035,0.033,0.031,0.034,0.026,0.026,0.03,0.038,0.038,0.037,0.041,0.062,0.059,0.067,0.069,0.081,0.08,0.075,0.077,0.075,0.065,0.075,0.097,0.104,0.114,0.112,0.138,0.15,0.142,0.166,0.196,0.207,0.202,0.201,0.192,0.207,0.223,0.234,0.217,0.224,0.29,0.271,0.279,0.311,0.332,0.349,0.365,0.379,0.394
"Korea, Republic of",65.368,72.934,78.349,87.761,97.511,101.296,116.836,147.949,199.593,246.929,283.365,330.658,355.516,392.731,463.432,566.595,610.164,570.594,382.855,497.254,576.483,547.743,626.989,702.696,792.532,934.708,1052.61,1172.465,1049.168,943.739,1143.568,1253.419,1278.046,1370.633,1484.489,1466.039,1499.362,1623.074,1725.373,1651.423,1644.676,1818.432,1673.917,1712.793,1760.947,1842.661,1924.4,2004.894,2087.319,2171.007
Kosovo,no data,no data,no data,no data,no data,no data,no data,no data,no data,no data,no data,no data,no data,no data,no data,no data,no data,no data,no data,no data,2.217,2.509,2.73,3.39,3.71,3.828,4.019,4.868,5.202,5.03,5.348,6.34,6.167,6.735,7.076,6.296,6.681,7.178,7.882,7.9,7.728,9.418,9.355,10.477,11.318,12.215,13.067,13.876,14.68,15.516
Kuwait,no data,25.249,21.583,20.871,21.7,21.445,17.904,22.368,20.69,24.313,18.293,10.826,19.871,23.955,24.859,27.186,31.491,30.35,25.941,30.126,37.714,34.906,38.129,47.869,59.439,80.799,101.548,114.608,147.391,105.992,115.401,154.02,174.066,174.179,162.695,114.606,109.399,120.688,138.211,138.695,107.516,141.773,182.846,161.784,160.397,163.377,166.478,171.137,176.782,183.425
Kyrgyz Republic,no data,no data,no data,no data,no data,no data,no data,no data,no data,no data,no data,no data,0.917,0.665,1.108,1.493,1.822,1.767,1.63,1.242,1.368,1.525,1.606,1.92,2.214,2.459,2.837,3.807,5.139,4.69,4.794,6.198,6.604,7.335,7.467,6.678,6.813,7.703,8.271,9.372,8.283,9.256,11.672,12.775,13.599,14.666,15.622,16.52,17.35,18.216
Lao P.D.R.,1.913,1.118,1.119,2.047,2.93,3.685,2.577,1.815,1.182,1.46,1.742,2.053,2.354,2.652,3.081,3.579,3.726,3.515,1.334,1.415,1.72,1.757,1.844,2.26,2.651,3.079,3.934,4.757,5.946,6.431,7.506,8.964,10.194,11.972,13.266,14.418,15.904,17.055,18.131,18.77,18.511,18.533,15.121,15.197,15.19,16.221,17.006,17.951,19.107,20.368
Latvia,no data,no data,no data,no data,no data,no data,no data,no data,no data,no data,no data,no data,1.694,2.728,4.533,5.411,5.975,6.529,7.169,7.535,7.963,8.363,9.564,11.777,14.44,17.03,21.589,31.1,36.023,26.48,23.998,27.74,28.191,30.21,31.395,27.266,28.076,30.473,34.445,34.229,34.363,39.469,40.454,43.598,45.466,48.274,50.747,53.319,56.024,58.828
Lebanon,4.02,3.843,2.621,3.611,4.269,3.566,2.78,3.254,3.269,2.682,2.801,4.392,5.472,7.435,8.988,10.971,12.824,15.535,17.059,17.174,17.018,17.361,18.837,19.486,21.16,21.497,22.023,24.827,29.119,35.4,38.444,39.927,44.017,46.88,48.096,49.929,51.148,53.028,54.901,50.88,24.494,20.476,21.78,no data,no data,no data,no data,no data,no data,no data
Lesotho,0.428,0.435,0.362,0.401,0.36,0.288,0.331,0.434,0.496,0.519,0.635,0.743,0.863,0.865,0.915,1.032,0.977,1.027,0.949,0.937,0.922,0.774,0.856,1.256,1.598,1.73,1.72,1.759,1.652,1.937,2.356,2.571,2.465,2.345,2.477,2.202,2.206,2.424,2.472,2.323,2.092,2.427,2.325,2.249,2.395,2.524,2.64,2.736,2.837,3.037
Liberia,no data,no data,no data,no data,no data,no data,no data,no data,no data,no data,no data,no data,no data,no data,no data,no data,no data,no data,no data,no data,0.863,0.904,0.943,0.714,0.897,0.944,1.109,1.344,1.676,1.765,1.966,2.34,2.675,3.044,3.09,3.092,3.256,3.321,3.264,3.08,3.037,3.509,3.974,4.39,4.754,5.068,5.481,5.892,6.408,6.867
Libya,40.19,34.72,34.616,32.988,30.89,30.384,24.756,23.009,25.87,27.446,31.627,34.995,35.459,31.912,29.719,33.739,36.827,37.702,30.921,37.129,39.498,35.206,21.128,27.026,34.054,48.852,60.094,68.211,86.804,60.809,75.381,48.17,92.542,75.352,57.373,48.718,49.913,67.153,76.682,69.28,46.921,35.224,43.289,45.011,48.221,50.559,52.286,53.017,53.801,55.191
Lithuania,no data,no data,no data,no data,no data,no data,no data,no data,no data,no data,no data,no data,no data,no data,no data,6.696,8.383,10.119,11.24,10.972,11.525,12.238,14.257,18.782,22.624,26.115,30.203,39.764,48.03,37.475,37.195,43.584,42.952,46.537,48.611,41.44,43.035,47.742,53.776,54.815,56.919,66.843,71.03,77.926,81.17,84.727,88.531,92.476,96.59,100.765
Luxembourg,6.434,5.549,4.557,4.473,4.385,4.544,6.611,8.211,9.301,9.903,12.628,13.683,15.328,15.714,17.487,20.571,20.464,18.428,19.263,21.088,21.24,21.388,23.633,29.66,35.049,37.693,42.912,51.593,58.838,54.408,56.26,61.685,59.814,65.204,68.823,60.078,62.2,65.689,71.033,69.898,73.64,85.641,81.706,85.78,88.556,93.366,97.424,101.572,105.834,110.144
Macao SAR,no data,no data,no data,no data,no data,no data,no data,no data,no data,no data,no data,no data,no data,no data,no data,no data,no data,no data,no data,no data,no data,6.86,7.372,8.247,10.643,12.16,14.874,18.44,21.027,21.588,28.242,36.844,43.19,51.536,54.903,45.048,45.071,50.384,55.191,55.082,25.344,30.969,24.464,47.061,54.677,61.777,66.171,69.827,73.65,77.625
Madagascar,5.202,4.759,4.785,4.686,3.906,3.803,4.348,3.213,3.189,3.176,3.931,3.255,3.715,4.063,3.522,3.838,4.932,4.263,4.402,4.278,4.629,5.438,5.352,6.372,5.065,5.859,6.396,8.525,10.725,9.617,9.983,11.552,11.579,12.424,12.523,11.323,11.849,13.176,13.76,14.105,13.051,14.555,15.285,15.753,16.465,17.917,19.268,20.762,22.725,24.898
Malawi,3.022,3.022,2.881,2.986,2.949,2.762,2.883,2.834,3.258,3.715,4.222,5.38,4.394,5.056,2.93,3.412,5.569,6.504,4.275,4.336,4.257,4.178,4.922,4.521,4.895,5.148,5.63,6.24,7.492,8.723,9.796,11.241,8.421,7.648,8.526,9.014,7.733,8.943,9.882,11.031,11.847,12.476,12.522,13.127,11.241,11.333,11.698,12.351,13.064,13.837
Malaysia,26.757,27.321,29.278,32.745,37.087,34.09,30.303,34.529,37.845,41.678,47.245,53.519,64.427,72.857,81.156,96.606,109.846,109.116,78.639,86.203,102.149,101.054,109.833,120.025,135.869,150.345,170.41,202.732,241.946,211.847,258.64,302.184,318.909,327.869,342.868,301.355,301.256,319.109,358.783,365.178,337.456,373.832,407.027,415.569,445.519,477.829,509.068,538.333,570.626,603.082
Maldives,0.063,0.073,0.087,0.094,0.113,0.134,0.158,0.149,0.178,0.201,0.231,0.262,0.306,0.346,0.382,0.466,0.527,0.652,0.693,0.756,0.801,0.767,0.828,1.052,1.227,1.163,1.575,1.868,2.272,2.345,2.588,2.629,2.885,3.286,3.69,4.098,4.367,4.747,5.294,5.599,3.739,5.392,6.238,6.685,7.199,7.897,8.461,9.044,9.64,10.276
Mali,2.031,1.66,1.468,1.418,1.416,1.426,1.981,2.308,2.316,2.827,3.223,3.284,3.372,3.362,2.575,3.337,3.416,3.208,3.328,3.444,2.963,3.468,3.905,4.713,5.452,6.251,6.906,8.157,9.871,10.249,10.698,12.993,12.45,13.243,14.369,13.106,14.022,15.36,17.079,17.281,17.643,19.786,18.724,20.684,21.662,22.984,24.565,26.244,28.049,29.946
Malta,1.202,1.174,1.109,1.083,1.025,1.038,1.348,1.682,1.909,1.999,2.401,2.611,2.906,2.59,2.868,3.38,3.446,3.489,3.697,3.858,4.075,4.089,4.478,5.455,6.102,6.415,6.811,7.989,9.127,8.721,9.043,9.637,9.468,10.551,11.629,11.093,11.665,13.48,15.411,16.006,15.238,18.136,18.372,20.963,22.737,24.023,25.371,26.737,28.167,29.637
Marshall Islands,no data,no data,no data,no data,no data,no data,no data,no data,no data,no data,no data,no data,no data,no data,no data,no data,no data,0.11,0.112,0.113,0.115,0.122,0.132,0.131,0.133,0.138,0.143,0.15,0.146,0.151,0.16,0.172,0.18,0.186,0.185,0.183,0.201,0.213,0.219,0.232,0.241,0.258,0.259,0.284,0.305,0.318,0.33,0.342,0.354,0.366
Mauritania,no data,no data,no data,no data,no data,no data,no data,no data,no data,no data,1.793,2.055,2.164,1.847,1.945,2.092,2.132,2.072,2.027,1.986,1.78,1.746,1.777,2.051,2.362,2.936,4.009,4.328,5.138,4.725,5.637,6.782,6.721,7.331,6.615,6.182,6.414,6.826,7.472,7.894,8.464,9.126,9.799,10.543,10.628,11.356,11.941,12.53,13.051,13.182
Mauritius,1.242,1.179,1.131,1.198,1.108,1.122,1.515,1.919,2.225,2.286,2.743,3.017,3.398,3.502,3.887,4.439,4.59,4.31,4.354,4.597,4.935,4.882,5.123,6.155,6.962,6.867,7.123,8.26,10.125,9.252,10.138,11.673,11.826,12.293,13.074,12.007,12.594,13.714,14.736,14.436,11.408,11.484,12.949,14.371,16.359,17.651,18.954,20.189,21.488,22.842
Mexico,242.153,311.012,225.706,184.01,217.001,230.272,159.434,174.84,213.893,260.663,307.613,368.772,427.661,530.226,553.618,380.182,432.158,523.45,557.485,631.24,742.061,796.055,810.666,765.55,819.459,917.572,1020.265,1102.356,1161.553,943.437,1105.424,1229.014,1255.11,1327.436,1364.508,1213.294,1112.233,1190.721,1256.3,1305.2,1120.832,1313.07,1463.324,1788.897,2017.025,2128.07,2231.099,2331.637,2437.85,2543.963
"Micronesia, Fed. States of",no data,no data,no data,no data,no data,no data,no data,no data,no data,no data,no data,no data,no data,no data,no data,0.22,0.217,0.204,0.217,0.217,0.23,0.236,0.238,0.241,0.236,0.246,0.249,0.252,0.258,0.275,0.291,0.307,0.323,0.313,0.314,0.31,0.325,0.359,0.392,0.394,0.372,0.39,0.43,0.46,0.484,0.507,0.526,0.541,0.556,0.571
Moldova,no data,no data,no data,no data,no data,no data,no data,no data,no data,no data,no data,no data,0.864,1.11,1.158,1.441,1.694,1.928,1.697,1.172,1.315,1.481,1.662,1.981,2.598,2.988,3.408,4.401,6.055,5.438,6.977,8.417,8.708,9.496,9.51,7.726,8.072,9.515,11.252,11.737,11.53,13.694,14.55,17.052,18.356,20.19,22.247,24.516,27.022,29.867
Mongolia,2.728,2.854,2.963,3.071,2.837,3.294,3.636,4.086,4.104,4.275,2.678,2.821,1.566,0.771,0.926,1.452,1.348,1.181,1.125,1.057,1.137,1.268,1.397,1.595,1.992,2.523,3.414,4.235,5.623,4.584,7.185,10.41,12.278,12.582,12.227,11.62,11.154,11.481,13.207,14.206,13.313,15.286,17.146,19.862,21.943,23.509,25.382,27.246,29.215,31.326
Montenegro,no data,no data,no data,no data,no data,no data,no data,no data,no data,no data,no data,no data,no data,no data,no data,no data,no data,no data,no data,no data,0.966,1.15,1.269,1.681,2.073,2.261,2.724,3.686,4.564,4.171,4.146,4.544,4.09,4.466,4.595,4.055,4.376,4.855,5.509,5.543,4.777,5.865,6.243,7.406,8.011,8.467,8.916,9.367,9.841,10.33
Morocco,23.807,19.329,19.51,17.635,16.13,16.28,21.497,23.713,28.08,28.901,32.661,34.94,36.483,34.259,38.532,42.238,46.71,42.366,45.243,45.055,42.053,42.704,45.711,56.345,64.528,67.468,74.284,85.539,100.112,100.535,100.881,109.705,106.345,115.608,119.131,110.414,111.573,118.541,127.341,128.92,121.354,141.818,130.913,143.963,152.377,161.436,170.859,180.096,189.674,199.772
Mozambique,4.615,3.585,3.662,3.28,3.417,4.516,5.301,2.395,2.105,2.199,3.529,3.855,2.799,2.883,2.958,3.062,4.03,4.874,5.551,6.285,5.931,5.65,5.951,6.584,7.937,8.868,9.51,10.811,12.92,12.264,11.412,14.619,16.688,17.198,17.978,16.209,12.069,13.265,15.017,15.513,14.235,16.168,18.407,21.353,22.975,25.208,26.668,30.841,35.208,38.919
Myanmar,no data,no data,no data,no data,no data,no data,no data,no data,no data,no data,no data,no data,no data,no data,no data,no data,no data,no data,4.838,6.044,7.261,6.693,6.496,8.336,10.095,11.382,12.752,16.76,23.907,28.971,35.748,50.292,55.131,59.176,63.153,62.655,60.09,61.267,66.699,68.802,77.801,68.054,61.766,64.496,68.006,73.539,79.529,86.119,93.251,100.968
Namibia,no data,no data,no data,no data,no data,no data,no data,no data,no data,2.268,2.568,2.841,3.296,3.156,3.537,3.948,3.954,4.11,3.832,3.824,3.941,3.577,3.396,4.974,6.673,7.324,7.711,8.73,8.496,8.915,11.281,12.423,13.016,12.168,12.434,11.45,10.719,12.883,13.676,12.539,10.583,12.443,12.602,12.327,12.765,13.486,14.245,14.99,15.745,16.538
Nauru,no data,no data,no data,no data,no data,no data,no data,no data,no data,no data,no data,no data,no data,no data,no data,no data,no data,no data,no data,no data,no data,no data,no data,no data,0.031,0.03,0.029,0.023,0.037,0.044,0.048,0.066,0.101,0.094,0.099,0.085,0.097,0.109,0.131,0.125,0.125,0.176,0.154,0.154,0.161,0.164,0.169,0.172,0.176,0.181
Nepal,2.258,2.641,2.669,2.92,3.089,3.208,3.491,3.621,4.27,4.317,4.442,4.861,4.417,4.743,4.954,5.379,5.544,6.027,5.992,6.164,6.537,6.719,6.816,7.218,8.297,9.331,10.316,11.777,14.31,14.663,18.253,21.685,21.703,22.161,22.722,24.361,24.524,28.972,33.112,34.186,33.434,36.927,40.828,41.015,44.179,48.904,53.918,59.463,65.648,72.475
Netherlands,193.758,162.4,157.338,153.179,142.578,144.655,201.599,246.928,264.223,260.532,321.405,331.097,366.004,355.931,382.55,452.71,450.625,417.329,438.61,447.493,417.664,431.59,473.527,579.925,658.081,685.727,733.994,848.659,951.766,870.572,848.073,905.111,839.455,877.186,892.398,765.65,783.844,833.575,914.458,910.295,909.065,1030.363,1010.193,1117.101,1142.513,1177.592,1223.053,1269.891,1317.55,1363.567
New Zealand,22.559,23.479,23.245,22.492,22.385,22.546,27.437,36.99,45.52,44.022,45.799,43.435,41.52,44.805,52.92,62.241,69.101,68.867,56.816,58.898,54.127,53.129,62.06,82.408,101.599,113.266,109.738,134.876,135.373,121.701,145.36,166.949,175.033,187.132,200.153,176.326,185.901,203.626,209.6,210.762,210.257,249.736,242.35,249.04,257.626,266.774,277.688,288.508,301.286,314.499
Nicaragua,1.832,2.156,2.497,2.9,3.966,3.854,5.8,3.409,1.499,2.082,0.519,3.678,3.894,3.726,3.861,4.14,4.308,4.39,4.635,4.856,5.109,5.335,5.224,5.322,5.793,6.321,6.764,7.423,8.497,8.297,8.759,9.774,10.532,10.983,11.88,12.757,13.286,13.786,13.025,12.713,12.682,14.145,15.671,17.412,18.829,20.268,21.816,23.483,25.277,27.208
Niger,3.531,3.056,2.84,2.538,2.056,2.027,2.68,3.143,3.21,3.068,3.491,3.271,3.372,3.041,1.935,2.296,2.397,2.285,2.639,2.532,2.235,2.442,2.772,3.382,3.746,4.372,4.743,5.716,7.279,7.324,7.838,8.754,9.412,10.206,10.83,9.684,10.35,11.181,12.814,12.917,13.764,14.923,15.448,16.528,18.816,20.41,22.088,23.807,25.701,27.72
Nigeria,no data,no data,no data,no data,no data,no data,no data,no data,no data,no data,62.165,60.131,52.275,56.807,80.128,132.23,172.686,187.866,209.677,57.477,67.824,73.128,93.983,102.935,130.345,169.645,222.791,262.215,330.26,297.458,369.062,414.095,460.952,514.966,568.499,492.437,404.649,375.745,421.737,448.12,429.423,441.424,477.376,374.947,252.738,251.198,254.831,265.781,276.779,287.85
North Macedonia ,no data,no data,no data,no data,no data,no data,no data,no data,no data,no data,no data,no data,2.443,2.687,3.561,4.687,4.642,3.928,3.764,3.867,3.774,3.709,3.991,4.946,5.684,6.257,6.86,8.337,9.912,9.4,9.415,10.499,9.751,10.824,11.378,10.067,10.686,11.336,12.694,12.609,12.385,14.008,13.735,14.769,15.873,16.904,17.953,19.15,20.323,21.404
Norway,64.439,63.597,62.647,61.627,62.058,65.417,78.693,94.231,101.901,102.634,119.791,121.872,130.838,120.579,127.132,152.031,163.52,161.357,154.23,162.384,171.456,174.24,195.915,229.385,265.267,309.979,346.914,402.646,464.915,387.974,431.052,501.361,512.777,526.014,501.737,388.16,370.957,401.745,439.788,408.743,367.633,503.368,593.727,485.513,526.951,554.775,564.342,581.215,597.958,617.095
Oman,7.269,8.849,9.285,9.733,10.726,11.916,9.433,9.89,9.613,10.743,13.395,13,14.274,14.321,14.808,15.821,17.512,18.154,16.044,17.833,22.259,22.206,23.066,24.734,28.379,35.507,42.578,48.3,69.805,55.454,64.994,77.497,87.409,89.936,92.699,78.711,75.129,80.857,91.505,88.061,75.909,88.192,114.667,109.133,108.927,111.052,114.812,119.129,124.098,127.526
Pakistan,38.616,45.681,49.932,46.619,50.612,50.607,51.827,54.171,62.385,65.042,65.276,74.158,79.338,83.969,84.642,98.917,103.296,101.848,101.381,96.008,99.421,96.784,98.169,112.507,132.206,145.209,161.871,184.141,202.204,187.074,196.712,230.577,250.094,258.674,271.422,299.93,313.623,339.229,356.163,321.071,300.41,348.481,374.748,338.237,no data,no data,no data,no data,no data,no data
Palau,no data,no data,no data,no data,no data,no data,no data,no data,no data,no data,no data,no data,no data,no data,no data,no data,no data,no data,no data,no data,0.15,0.159,0.163,0.155,0.166,0.186,0.191,0.196,0.199,0.184,0.184,0.195,0.215,0.226,0.246,0.283,0.303,0.29,0.289,0.282,0.258,0.233,0.246,0.267,0.308,0.351,0.371,0.386,0.399,0.413
Panama,4.253,4.814,5.319,5.461,5.7,6.03,6.266,6.294,5.441,5.456,5.931,6.522,7.414,8.096,8.633,8.825,10.406,11.245,12.191,12.775,12.958,13.166,13.685,14.422,15.811,17.244,19.109,22.072,26.072,28.104,30.513,35.95,41.902,47.261,51.74,56.062,60.017,64.468,67.294,69.722,57.087,67.407,76.523,83.382,87.347,91.731,97.309,103.225,109.501,116.159
Papua New Guinea,4.087,4.011,3.805,3.799,3.509,3.25,3.535,3.885,5.4,5.238,4.757,5.596,6.466,7.349,8.077,7.149,7.608,7.272,5.558,5.072,5.169,4.531,4.387,5.488,6.279,7.339,8.355,9.545,11.671,11.619,14.251,17.985,21.295,21.261,23.211,21.723,20.759,22.743,24.11,24.751,23.848,26.113,31.61,30.998,31.716,32.64,33.567,34.658,35.915,37.198
Paraguay,4.095,5.22,5.47,6.069,4.931,4.214,5.032,4.216,5.584,4.046,4.904,6.984,7.158,7.249,7.871,9.062,9.788,9.965,9.26,8.837,8.856,8.496,7.196,7.691,9.624,10.738,13.43,17.856,24.615,22.355,27.129,33.737,33.296,38.651,40.378,36.211,36.09,38.997,40.225,37.925,35.432,39.951,41.953,43.871,45.817,48.033,51.395,54.206,57.191,60.351
Peru,20.19,24.398,24.259,18.863,19.442,16.823,25.241,41.681,32.978,40.699,28.326,33.988,35.377,34.33,43.225,51.38,53.412,56.281,53.918,48.719,50.414,51.034,53.954,58.537,66.126,74.232,87.459,102.187,121.293,121.821,148.991,170.929,193.072,202.581,202.902,192.186,195.633,215.74,226.858,232.419,206.199,226.231,245.008,267.585,282.458,294.781,307.194,319.956,333.131,346.778
Philippines,37.082,40.735,42.441,37.953,35.86,34.973,34.129,37.932,43.293,48.652,50.508,51.784,60.422,62.037,73.159,84.644,94.65,94.106,74.492,85.64,83.667,78.921,84.307,87.039,95.002,107.42,127.653,155.98,181.007,176.132,208.369,234.217,261.92,283.903,297.484,306.446,318.627,328.481,346.842,376.823,361.751,394.087,404.284,436.622,471.516,509.379,551.56,596.935,650.628,709.641
Poland,56.731,53.752,65.315,75.555,75.656,70.915,73.822,63.84,68.747,67.027,62.206,80.61,88.888,90.544,103.887,139.363,156.993,157.493,172.389,168.13,171.613,190.805,199.07,217.829,255.292,306.304,344.627,429.021,533.6,439.794,475.697,524.374,495.23,515.762,539.212,476.788,469.65,524.78,588.804,595.968,599.458,681.429,688.25,808.435,844.623,884.581,937.789,984.45,1022.936,1063.492
Portugal,32.607,32.477,30.678,28.267,25.951,27.231,37.869,47.387,55.435,59.806,79.439,89.904,108.119,95.139,99.692,118.182,122.655,117.211,124.124,127.597,118.658,121.605,134.7,165.185,189.296,197.363,208.767,240.524,263.388,244.402,238.308,245.075,216.361,226.437,229.961,199.414,206.369,221.28,242.423,240.013,228.849,255.705,255.398,287.421,298.949,309.715,321.832,334.087,346.807,359.658
Puerto Rico,14.436,15.956,16.764,17.277,19.163,20.289,21.969,23.878,26.178,28.267,30.604,32.287,34.63,36.923,39.691,42.647,45.341,48.187,54.086,57.841,61.702,69.669,72.546,75.834,80.322,83.915,87.276,89.524,93.639,96.386,98.381,100.352,101.565,102.45,102.446,103.376,104.337,103.446,100.958,105.126,103.131,106.369,113.435,115.799,117.763,120.425,123.625,128.927,133.22,137.419
Qatar,6.665,7.374,6.467,5.506,5.708,5.339,4.214,4.441,4.26,4.502,6.266,5.579,6.384,5.804,5.946,6.861,7.761,9.976,8.488,11.266,18.085,17.498,19.334,23.716,30.651,44.636,58.629,75.987,112.621,88.196,119.707,167.775,186.834,198.728,206.225,161.74,151.732,161.099,183.335,176.371,144.411,179.732,236.258,234.218,244.686,251.898,268.995,289.377,302.323,312.262
Romania,46.053,55.319,55.375,48.401,39.111,48.286,52.29,58.477,60.538,54.236,38.516,29.07,19.779,26.624,30.376,35.838,35.692,35.644,42.543,35.953,37.447,40.396,46.035,57.79,75.059,98.547,122.114,174.831,215.568,174.564,170.294,192.835,179.243,189.83,199.981,177.877,185.334,210.529,243.498,250.993,251.699,286.015,301.273,345.894,369.971,389.689,413.281,438.774,463.786,488.55
Russian Federation,no data,no data,no data,no data,no data,no data,no data,no data,no data,no data,no data,no data,71.603,196.227,293.768,335.777,412.685,433.704,287.672,209.657,278.264,328.475,370.062,461.518,633.294,817.717,1060.901,1393.416,1779.109,1307.927,1633.111,2046.621,2191.484,2288.428,2048.836,1356.704,1280.648,1575.14,1653.006,1695.724,1488.117,1843.131,2272.262,1997.03,2056.844,2090.522,2117.244,2148.676,2182.013,2211.461
Rwanda,1.493,1.695,1.808,1.932,1.851,2.199,2.49,2.765,2.959,3.09,2.954,2.179,2.313,2.231,1.418,1.47,1.593,2.144,2.29,2.131,2.049,1.967,1.963,2.139,2.388,2.943,3.317,4.069,5.183,5.675,6.124,6.885,7.654,7.821,8.24,8.546,8.695,9.253,9.637,10.345,10.173,11.053,13.309,14.02,13.701,14.135,15.18,16.374,17.802,19.478
Saint Kitts and Nevis,0.058,0.069,0.079,0.078,0.091,0.101,0.119,0.136,0.161,0.179,0.203,0.201,0.223,0.243,0.272,0.293,0.312,0.351,0.366,0.389,0.421,0.458,0.481,0.469,0.507,0.547,0.644,0.689,0.778,0.774,0.779,0.836,0.825,0.875,0.953,0.957,1.007,1.058,1.076,1.107,0.884,0.859,0.973,1.068,1.134,1.207,1.279,1.345,1.411,1.481
Saint Lucia,0.17,0.194,0.183,0.197,0.251,0.284,0.34,0.375,0.429,0.486,0.579,0.613,0.674,0.684,0.713,0.762,0.788,0.805,0.877,0.921,0.932,0.892,0.899,0.987,1.066,1.135,1.268,1.331,1.427,1.4,1.463,1.569,1.598,1.66,1.75,1.807,1.869,1.999,2.061,2.103,1.523,1.85,2.297,2.464,2.582,2.701,2.817,2.931,3.049,3.172
Saint Vincent and the Grenadines,0.089,0.11,0.123,0.132,0.146,0.157,0.174,0.19,0.217,0.232,0.26,0.275,0.3,0.309,0.313,0.341,0.358,0.376,0.403,0.422,0.428,0.462,0.488,0.509,0.55,0.58,0.644,0.714,0.733,0.714,0.72,0.714,0.73,0.765,0.771,0.787,0.814,0.844,0.884,0.911,0.869,0.872,0.947,1.041,1.128,1.195,1.253,1.313,1.375,1.441
Samoa,0.127,0.119,0.122,0.113,0.111,0.106,0.112,0.124,0.138,0.141,0.182,0.176,0.193,0.198,0.158,0.242,0.258,0.28,0.286,0.262,0.271,0.273,0.289,0.342,0.418,0.486,0.516,0.568,0.684,0.618,0.68,0.744,0.773,0.798,0.797,0.824,0.844,0.885,0.878,0.913,0.869,0.844,0.833,0.934,1.024,1.093,1.152,1.204,1.254,1.309
San Marino,no data,no data,no data,no data,no data,no data,no data,no data,no data,no data,no data,no data,no data,no data,no data,no data,no data,no data,no data,no data,1.008,1.06,1.148,1.462,1.714,1.788,1.91,2.189,2.403,2.062,1.883,1.813,1.606,1.678,1.674,1.42,1.468,1.528,1.656,1.616,1.543,1.857,1.788,1.954,2.034,2.092,2.159,2.227,2.298,2.37
Saudi Arabia,164.54,184.292,153.24,129.18,119.631,103.894,86.886,85.582,88.138,95.217,117.474,132.047,136.905,132.79,134.994,143.151,158.45,165.742,146.775,161.717,189.514,184.137,189.605,215.807,258.741,328.205,376.397,415.687,519.796,429.097,528.206,676.635,741.85,753.865,766.606,669.484,666,714.994,846.584,838.564,734.271,874.156,1108.572,1067.583,1106.015,1171.003,1228.906,1289.618,1349.31,1429.303
Senegal,4.338,3.934,3.85,3.435,3.35,3.668,5.188,6.241,6.173,6.083,7.078,6.955,7.435,7.014,4.746,6.026,6.3,5.867,6.416,6.599,6.016,6.508,7.001,8.767,10.072,11.015,11.699,13.996,16.852,16.128,16.134,17.811,17.672,18.919,19.802,17.777,19.035,20.989,23.127,23.405,24.534,27.584,27.744,31.407,35.45,39.963,42.945,45.872,49.815,53.015
Serbia,no data,no data,no data,no data,no data,no data,no data,no data,no data,no data,no data,no data,no data,no data,no data,no data,no data,23.635,18.529,11.973,9.79,13.009,17.185,22.515,26.017,27.496,32.602,43.395,52.094,45.156,41.369,49.28,43.316,48.394,47.062,39.656,40.693,44.179,50.641,51.514,53.356,62.787,63.563,75.187,81.873,87.738,94.258,100.902,107.914,115.73
Seychelles,0.147,0.154,0.148,0.147,0.151,0.169,0.208,0.249,0.284,0.305,0.369,0.374,0.434,0.474,0.486,0.508,0.503,0.563,0.608,0.623,0.615,0.622,0.698,0.706,0.839,0.919,1.016,1.034,0.998,0.847,0.97,1.018,1.06,1.328,1.388,1.432,1.568,1.675,1.777,1.867,1.384,1.49,2.058,2.153,2.203,2.334,2.481,2.649,2.831,3.025
Sierra Leone,1.701,1.823,2.05,1.782,2.062,1.755,1.314,1.145,1.877,1.724,0.948,1.138,0.992,1.122,1.331,1.273,1.374,1.24,0.981,0.977,0.941,1.084,1.25,1.38,1.439,1.61,1.884,2.159,2.511,2.454,2.578,2.942,3.802,4.916,5.007,4.252,3.855,3.713,4.085,4.074,4.059,4.148,4.095,3.906,4.558,4.594,4.69,4.909,5.185,5.483
Singapore,12.082,14.367,15.879,18.011,19.563,18.573,18.78,21.629,26.551,31.436,38.892,45.465,52.131,60.604,73.689,87.813,96.293,100.124,85.728,86.287,96.077,89.794,92.538,97.646,115.034,127.808,148.627,180.942,193.617,194.15,239.808,279.357,295.093,307.576,314.864,307.999,319.054,343.257,376.893,376.902,349.488,434.111,498.475,501.428,525.228,548.148,573.465,599.299,626.285,654.713
Slovak Republic,no data,no data,no data,no data,no data,no data,no data,no data,no data,no data,no data,no data,no data,13.726,15.838,20.034,21.659,21.927,22.825,20.867,20.73,21.421,24.888,34.085,43.19,49.116,57.492,77.239,97.17,89.302,91.237,99.905,94.684,98.937,101.463,88.91,89.928,95.616,106.186,105.723,106.646,118.655,115.553,132.122,140.808,149.401,157.083,164.227,171.757,179.484
Slovenia,no data,no data,no data,no data,no data,no data,no data,no data,no data,no data,no data,no data,19.271,16.626,16.845,21.384,21.516,20.805,22.168,22.77,20.393,20.901,23.539,29.673,34.448,36.26,39.514,48.073,55.773,50.513,48.248,51.575,46.607,48.416,50.01,43.112,44.754,48.572,54.202,54.393,53.691,61.873,60.111,68.236,72.101,75.096,78.591,82.212,86.082,90.032
Solomon Islands,0.183,0.194,0.193,0.181,0.182,0.166,0.148,0.155,0.176,0.173,0.215,0.228,0.269,0.301,0.403,0.469,0.511,0.527,0.458,0.488,0.42,0.41,0.346,0.353,0.398,0.477,0.539,0.62,0.699,0.736,0.847,1.05,1.185,1.286,1.336,1.308,1.379,1.47,1.615,1.619,1.536,1.489,1.56,1.631,1.707,1.82,1.933,2.056,2.184,2.318
Somalia,no data,no data,no data,no data,no data,no data,no data,no data,no data,no data,no data,no data,no data,no data,no data,no data,no data,no data,no data,no data,no data,no data,no data,no data,no data,no data,no data,no data,no data,no data,no data,5.022,5.183,5.869,6.443,6.841,7.391,8.252,8.278,9.42,9.204,9.839,10.42,11.68,12.804,13.891,15.059,16.31,17.638,18.985
South Africa,89.412,93.15,85.897,96.205,84.838,64.481,73.399,96.533,104.01,108.07,126.027,135.227,146.97,147.236,153.569,171.736,163.34,169.004,152.885,151.426,151.855,135.527,129.385,197.017,256.188,288.749,304.055,332.65,316.491,331.184,417.315,458.708,434.4,400.877,381.195,346.663,323.493,381.317,405.093,389.245,338.193,420.009,405.106,377.676,373.233,384.765,398.062,413.042,427.66,442.857
"South Sudan, Republic of",no data,no data,no data,no data,no data,no data,no data,no data,no data,no data,no data,no data,no data,no data,no data,no data,no data,no data,no data,no data,no data,no data,no data,no data,no data,no data,no data,no data,no data,no data,no data,17.34,11.267,14.947,15.178,15.326,2.899,1.804,3.118,4.044,5.423,5.94,8.037,7.295,6.517,6.987,7.324,7.789,8.514,9.702
Spain,230.759,204.588,197.643,172.856,172.381,181.62,251.304,318.389,374.068,412.59,535.652,576.446,630.122,529.319,531.137,613.946,640.026,589.376,618.414,635.968,598.628,627.834,708.256,907.264,1068.57,1154.354,1260.466,1474.176,1631.685,1489.853,1423.27,1480.45,1325.59,1355.599,1372.174,1196.278,1233.215,1312.782,1422.347,1394.474,1277.106,1446.613,1418.916,1581.151,1647.114,1715.584,1772.09,1829.221,1890.022,1950.639
Sri Lanka,5.194,5.404,5.834,6.298,7.382,7.302,7.826,8.149,8.518,8.55,9.787,10.716,11.553,12.351,14.245,15.127,16.592,18.544,19.05,19.143,20.007,19.236,20.238,22.352,24.423,28.88,33.447,38.27,48.177,49.75,58.643,67.725,70.392,76.934,82.483,85.091,88,94.376,94.484,89.015,84.441,88.548,74.846,no data,no data,no data,no data,no data,no data,no data
Sudan,9.095,6.53,4.748,6.485,7.992,5.547,7.4,11.964,9.551,16.853,2.245,2.528,3.1,5.246,5.961,6.694,8.377,10.241,10.924,10.714,13.134,15.716,18.137,21.355,26.646,35.183,45.264,59.44,64.833,54.812,65.716,66.448,48.948,52.892,60.726,64.534,64.888,48.906,33.432,33.586,34.47,34.8,33.762,25.716,26.865,27.447,28.25,28.806,29.236,29.254
Suriname,1.276,1.427,1.469,1.419,1.387,1.402,1.43,1.573,1.864,2.177,0.577,0.637,0.59,0.465,0.523,0.993,1.234,1.322,1.588,1.308,1.355,1.167,1.474,1.729,2,2.393,2.812,3.144,3.783,4.15,4.677,4.735,5.332,5.51,5.612,5.126,3.317,3.592,3.996,4.016,2.912,3.084,3.631,3.751,4.337,4.6,4.788,5.055,5.287,5.59
Sweden,140.384,128.148,113.059,103.89,108.255,113.249,149.633,181.991,205.883,216.691,259.9,272.205,283.228,212.953,229.034,267.307,291.746,268.146,270.81,274.071,262.834,242.395,266.848,334.337,385.119,392.219,423.091,491.255,517.706,436.536,495.813,574.094,552.484,586.842,581.964,505.104,515.655,541.019,555.455,533.88,547.054,639.715,590.41,593.268,623.048,651.281,680.164,711.1,742.266,774.57
Switzerland,122.466,112.129,114.891,114.517,109.4,110.965,159.074,199.086,215.36,208.135,265.911,269.003,279.764,272.006,301.246,352.992,340.15,294.749,303.173,297.515,279.24,286.693,309.513,362.165,403.358,418.086,441.727,490.84,566.911,553.735,598.165,715.73,686.393,706.416,726.709,693.9,687.61,695.399,725.783,721.833,741.028,812.441,818.643,885.141,938.458,971.745,1022.424,1062.449,1117.347,1160.827
Syria,12.98,16.652,17.415,18.649,19.171,21.177,25.428,32.497,16.538,9.849,12.303,12.738,13.263,13.796,15.105,16.556,17.761,16.573,16.144,16.785,19.861,20.979,22.758,21.702,25.204,28.881,33.824,40.488,52.631,53.939,60.043,no data,no data,no data,no data,no data,no data,no data,no data,no data,no data,no data,no data,no data,no data,no data,no data,no data,no data,no data
SÃ£o TomÃ© and PrÃ­ncipe,0.069,0.084,0.081,0.076,0.079,0.083,0.117,0.117,0.1,0.099,0.12,0.108,0.096,0.127,0.132,0.104,0.136,0.093,0.073,0.078,0.077,0.072,0.08,0.096,0.104,0.125,0.133,0.145,0.188,0.201,0.191,0.228,0.231,0.269,0.295,0.262,0.294,0.325,0.387,0.416,0.476,0.529,0.548,0.656,0.751,0.821,0.889,0.964,1.044,1.132
Taiwan Province of China,42.285,48.969,49.535,54.148,61.071,63.617,78.195,105.039,126.473,152.704,166.622,187.14,222.911,236.339,256.247,279.059,292.494,303.284,279.964,303.83,330.68,299.276,307.439,317.381,346.924,374.06,386.45,406.907,415.901,390.829,444.281,483.974,495.61,512.943,535.328,534.515,543.081,590.733,609.198,611.396,673.178,773.038,760.907,756.592,802.958,854.677,900.208,943.377,975.643,1005.191
Tajikistan,no data,no data,no data,no data,no data,no data,no data,no data,no data,no data,no data,no data,0.291,0.678,0.829,0.569,1.052,1.121,1.32,1.087,0.991,1.057,1.212,1.555,2.073,2.311,2.811,3.712,5.135,4.977,5.642,6.523,7.592,8.506,9.242,7.857,6.994,7.535,7.762,8.301,8.134,8.934,10.493,11.855,12.953,14.118,15.395,16.774,18.199,19.744
Tanzania,10.873,13.005,14.932,15.294,13.915,12.556,15.874,7.821,7.474,6.444,5.172,6.019,5.588,5.17,5.478,6.382,7.889,9.341,11.481,11.777,12.369,12.61,13.123,14.159,15.576,17.174,18.878,21.81,27.779,29.301,31.86,34.369,39.65,45.677,49.982,47.424,49.774,53.275,54.775,58.797,63.373,67.964,74.128,79.447,79.605,86.126,93.739,103.022,113.481,124.968
Thailand,33.422,35.999,37.799,41.366,43.179,40.185,44.52,52.204,63.704,74.637,88.467,101.247,115.576,128.889,146.684,169.279,183.035,150.18,113.676,126.669,126.392,120.296,134.301,152.281,172.896,189.318,221.758,262.943,291.383,281.711,341.105,370.819,397.558,420.334,407.339,401.296,413.366,456.357,506.754,543.977,500.462,506.256,495.646,514.945,548.89,573.394,605.762,643.894,678.622,710.434
Timor-Leste,no data,no data,no data,no data,no data,no data,no data,no data,no data,no data,no data,no data,no data,no data,no data,no data,no data,no data,no data,no data,0.367,0.477,0.47,0.49,0.441,0.462,0.454,0.543,0.648,0.727,0.882,1.042,1.16,1.396,1.447,1.594,1.651,1.616,1.584,2.048,2.163,3.622,3.205,2.338,1.992,2.14,2.292,2.453,2.625,2.809
Togo,1.994,1.656,1.396,1.33,1.222,1.281,1.795,2.107,2.345,2.302,2.772,2.74,2.873,2.189,1.697,2.24,2.448,2.494,2.361,2.37,2.014,2,2.301,2.854,3.048,3.08,3.173,3.76,4.578,4.717,4.75,5.421,5.417,6.022,6.395,5.756,6.069,6.385,7.033,6.993,7.4,8.338,8.144,9.055,9.832,10.557,11.337,12.18,13.087,14.068
Tonga,0.071,0.079,0.079,0.077,0.081,0.076,0.09,0.098,0.115,0.139,0.144,0.169,0.178,0.183,0.189,0.207,0.218,0.222,0.212,0.197,0.203,0.181,0.183,0.202,0.231,0.262,0.292,0.299,0.344,0.312,0.367,0.415,0.471,0.451,0.44,0.437,0.421,0.46,0.481,0.511,0.49,0.47,0.498,0.547,0.581,0.606,0.625,0.643,0.665,0.686
Trinidad and Tobago,6.343,7.113,8.28,7.898,7.891,7.503,4.877,4.88,4.574,4.397,5.155,5.399,5.533,4.656,5.032,5.421,5.859,5.837,6.148,6.926,8.295,8.96,9.148,11.464,13.472,16.17,18.6,21.937,28.193,19.52,22.522,25.789,27.335,28.71,29.698,27.027,23.723,24.04,24.569,23.776,20.808,24.496,30.053,28.142,28.365,29.505,30.05,30.829,31.836,32.845
Tunisia,9.566,9.223,8.9,9.202,9.054,9.245,9.91,10.663,11.073,11.069,14.133,14.897,17.809,16.724,17.886,20.616,22.324,21.762,22.87,24.066,22.524,23.146,24.274,28.797,32.71,33.851,36.059,40.819,47.039,45.593,46.21,48.122,47.311,48.681,50.273,45.779,44.36,42.167,42.687,41.905,42.54,46.688,46.265,51.283,54.708,55.847,58.069,59.09,59.468,60.037
Turkmenistan,no data,no data,no data,no data,no data,no data,no data,no data,no data,no data,no data,no data,1.625,9.169,7.765,10.043,4.068,4.584,4.893,6.595,8.587,11.855,14.875,19.533,24.272,29.363,36.577,44.388,36.788,34.562,35.164,44.413,50.252,50.863,56.204,44.944,42.876,45.902,49.299,53.035,52.385,60.934,77.963,77.106,81.896,89.001,97.013,105.932,115.835,126.814
Tuvalu,no data,no data,no data,no data,no data,no data,no data,no data,no data,no data,no data,no data,no data,no data,no data,no data,no data,no data,no data,no data,0.015,0.014,0.017,0.02,0.023,0.023,0.024,0.029,0.032,0.028,0.032,0.04,0.039,0.039,0.039,0.037,0.041,0.045,0.048,0.054,0.052,0.06,0.059,0.062,0.066,0.069,0.072,0.076,0.08,0.084
"TÃ¼rkiye, Republic of",96.596,97.865,88.918,84.968,82.642,92.827,102.337,118.926,125.032,147.727,207.508,208.402,219.176,248.573,179.359,233.566,250.486,261.857,275.834,256.566,274.321,202.248,240.191,314.752,409.127,506.186,555.126,680.489,770.82,648.797,776.558,838.508,880.141,957.504,938.512,864.071,869.28,858.932,780.19,760.52,720.159,818.337,905.841,1108.453,1113.561,1106.916,1153.494,1197.314,1241.708,1286.119
Uganda,7.486,12.12,8.41,9.619,7.399,6.771,6.746,10.878,11.268,9.136,7.452,3.897,3.645,4.311,6.24,7.473,7.713,8.407,8.23,7.823,7.756,7.835,8.425,8.725,10.75,12.46,14.079,17.512,22.419,24.107,24.683,27.501,30.939,32.331,34.754,30.122,30.278,31.589,34.127,37.892,37.901,42.747,47.567,51.819,56.31,62.056,67.46,73.671,80.968,90.141
Ukraine,no data,no data,no data,no data,no data,no data,no data,no data,no data,no data,no data,no data,22.193,35.025,38.012,38.275,46.083,51.867,43.315,32.661,32.331,37.863,42.339,50.096,64.747,85.996,107.767,143.26,181.313,117.079,136.011,163.059,175.781,183.31,133.392,90.922,93.349,112.127,130.943,154.009,156.63,199.812,160.521,177.198,188.943,193.602,202.563,214.297,227.047,239.225
United Arab Emirates,41.725,46.461,43.205,39.588,39.245,38.519,30.526,33.519,34.069,39.325,50.682,49.3,51.952,52.144,57.395,63.432,72.853,77.167,75.304,84.42,102.987,103.312,109.816,124.346,147.812,180.616,222.117,257.883,315.464,253.547,300.189,360.833,384.61,400.219,414.105,370.276,369.255,390.517,427.049,417.99,349.473,415.179,507.064,504.173,527.796,550.24,577.754,609.469,645.345,685.153
United Kingdom,604.697,588.342,559.326,532.925,504.939,537.2,655.035,814.102,989.706,1007.623,1197.021,1248.625,1289.587,1155.162,1241.72,1344.504,1421.099,1561.239,1653.852,1688.248,1668.69,1650.252,1788.549,2056.294,2422.619,2546.038,2712.257,3091.695,2960.39,2421.476,2487.924,2664.719,2707.571,2786.665,3066.304,2928.558,2699.086,2682.384,2875.024,2853.074,2699.734,3142.262,3100.109,3344.744,3495.261,3685.408,3915.566,4144.371,4394.713,4661.463
United States,2857.325,3207.025,3343.8,3634.025,4037.65,4339,4579.625,4855.25,5236.425,5641.6,5963.125,6158.125,6520.325,6858.55,7287.25,7639.75,8073.125,8577.55,9062.825,9631.175,10250.95,10581.925,10929.1,11456.45,12217.175,13039.2,13815.6,14474.25,14769.85,14478.05,15048.975,15599.725,16253.95,16880.675,17608.125,18295,18804.9,19612.1,20656.525,21521.4,21322.925,23594.05,25744.1,27357.825,28781.083,29839.684,31018.771,32274.458,33582.242,34950.012
Uruguay,12.217,13.636,11.147,6.119,5.819,5.686,7.059,8.832,9.137,9.63,11.204,13.502,15.515,18.064,21.04,23.267,24.73,26.155,27.704,26.178,24.892,22.802,14.863,13.159,14.959,18.986,21.416,25.603,33.151,34.565,43.967,52.354,55.938,62.857,62.546,58.218,57.58,65.068,65.37,62.23,53.666,60.762,70.165,77.241,82.605,86.294,90.111,94.192,98.607,103.27
Uzbekistan,no data,no data,no data,no data,no data,no data,no data,no data,no data,no data,no data,no data,4.476,6.897,8.175,12.746,17.453,18.433,18.738,21.362,17.195,14.581,12.106,12.697,15.045,17.939,21.344,27.963,35.858,41.945,49.772,60.213,67.52,73.192,80.848,85.662,85.658,62.081,52.87,60.284,60.225,69.601,81.167,90.882,97.956,109.853,123.097,137.552,153.74,170.314
Vanuatu,0.121,0.114,0.114,0.117,0.144,0.132,0.128,0.139,0.158,0.154,0.169,0.201,0.209,0.2,0.234,0.249,0.261,0.273,0.262,0.268,0.272,0.257,0.262,0.315,0.365,0.39,0.435,0.517,0.582,0.59,0.652,0.738,0.736,0.755,0.774,0.744,0.775,0.88,0.929,0.93,1.008,0.921,1.039,1.169,1.289,1.4,1.5,1.605,1.709,1.821
Venezuela,69.841,78.367,79.998,79.672,57.826,59.865,60.877,46.854,60.378,44.672,48.391,53.382,60.4,59.865,58.357,77.427,70.536,85.684,91.836,97.517,117.596,123.119,95.258,83.684,112.254,143.375,178.521,232.857,306.764,268.624,318.281,316.482,372.592,258.931,214.69,125.449,112.915,115.883,102.021,73.003,43.788,57.666,92.104,97.116,102.328,105.876,no data,no data,no data,no data
Vietnam,35.357,17.617,23.369,35.204,61.171,19.045,43.009,53.385,29.501,7.991,8.217,9.704,12.528,16.736,20.712,26.407,31.352,34.146,34.58,36.444,39.585,41.297,44.563,50.233,62.877,73.197,84.301,98.426,124.756,129.022,143.212,171.312,195.169,212.728,232.888,236.795,252.146,277.071,304.47,331.818,346.31,370.076,407.965,433.702,465.814,505.531,546.491,589.854,635.648,684.01
West Bank and Gaza,no data,no data,no data,no data,no data,no data,no data,no data,no data,no data,no data,no data,no data,no data,2.843,3.283,3.41,3.76,4.068,4.271,4.314,4.004,3.556,3.968,4.603,5.126,5.348,5.816,7.31,8.086,9.682,11.186,12.208,13.515,13.99,13.972,15.405,16.128,16.277,17.134,15.532,18.109,19.166,18.602,no data,no data,no data,no data,no data,no data
Yemen,no data,no data,no data,no data,no data,no data,no data,no data,no data,no data,12.644,14.665,17.959,21.737,28.019,12.796,6.496,6.838,6.322,7.639,9.679,9.853,10.693,11.778,13.868,16.732,19.063,21.651,26.911,25.13,30.907,32.726,35.401,40.415,43.229,42.444,31.318,26.842,21.606,21.888,20.22,19.394,23.534,18.424,16.94,17.176,19.661,22.865,24.978,26.754
Zambia,4.246,4.385,4.232,3.653,3.003,2.848,1.962,2.431,4.095,4.365,4.085,3.69,3.614,3.549,3.657,3.799,3.599,4.303,3.538,3.405,3.601,3.87,4.194,4.902,6.221,8.329,12.762,14.06,17.914,15.332,20.264,23.455,25.502,28.042,27.145,21.245,20.965,25.874,26.312,23.309,18.138,22.096,29.122,28.406,29.872,32.41,35.064,38.035,41.233,44.601
Zimbabwe,no data,no data,no data,no data,no data,no data,no data,no data,no data,no data,10.144,9.45,7.793,7.569,7.959,8.263,10.117,10.386,12.099,11.769,11.34,11.244,10.735,9.574,9.465,9.046,8.141,7.785,6.707,9.666,12.042,14.1,17.116,19.093,19.499,19.969,20.555,22.046,37.065,26.033,26.878,36.016,31.291,32.216,34.405,35.312,36.424,37.541,38.749,39.923
Africa (Region),469.863,479.827,485.742,467.258,409.523,402.925,442.327,495.786,525.371,564.499,658.834,607.814,609.332,610.285,597.91,709.646,792.104,822.016,830.952,688.589,709.152,687.241,701.889,846.827,1014.503,1189.451,1373.5,1596.495,1868.214,1779.456,2081.059,2327.609,2486.242,2580.475,2680.562,2447.841,2327.709,2343.798,2504.307,2566.57,2479.243,2771.728,2980.015,2857.033,2807.4,2925.991,3123.156,3343.833,3577.537,3824.406
Asia and Pacific,2362.782,2526.871,2458.433,2612.375,2769.561,2822.056,3597.051,4269.313,5091.538,5293.004,5517.664,6083.523,6667.504,7509.403,8146.377,9256.405,9035.52,8691.861,7862.645,8734.705,9351.891,8726.111,8961.7,10001.832,11284.924,12199.485,13062.307,14923.466,16881.705,17349.557,20256.252,23334.578,24796.623,25177.531,26104.994,25896.634,26959.599,28894.544,31013.46,31796.441,31886.624,36448.516,36355.542,36770.183,38456.139,40962.75,43581.399,46257.328,49121.189,51968.266
Australia and New Zealand,185.516,211.927,210.331,202.005,219.56,196.966,208.951,250.133,316.662,352.378,369.868,367.884,359.604,354.103,406.294,441.336,493.851,495.278,438.316,470.959,454.381,431.132,487.547,623.751,760.54,849.683,893.094,1084.916,1192.088,1122.685,1400.132,1682.434,1745.272,1707.326,1657.785,1410.852,1449.775,1586.238,1628.697,1598.966,1575.158,1907.535,1967.274,1990.922,2047.973,2130.012,2218.165,2305.384,2408.597,2522.9
Caribbean,18.16,19.861,21.924,21.848,21.859,22.305,21.278,20.192,20.599,22.189,22.542,22.426,22.186,22.895,25.999,31.73,34.269,37.024,39.797,42.394,44.574,44.983,46.664,48.227,53.46,60.481,66.005,74.605,84.174,74.03,79.328,85.996,90.689,93.148,95.204,93.399,88.199,91.782,96.122,95.39,82.965,99.752,117.97,125.108,135.728,142.438,149.658,153.974,159.197,165.036
Central America,35.209,35.229,35.787,37.585,44.79,38.87,38.316,37.983,36.255,40.982,37.458,46.358,52.374,57.175,62.432,69.567,74.434,81.209,87.95,89.148,94.402,99.754,105.188,103.103,110.294,132.196,144.813,164.848,185.692,185.652,206.628,231.988,250.224,265.425,283.083,303.11,319.865,338.594,351.79,365.007,337.534,384.538,434.011,478.209,512.314,545.333,580.489,618.484,659.157,702.351
Central Asia and the Caucasus,96.596,97.865,88.918,84.968,82.642,92.827,102.337,118.926,125.032,147.727,207.508,208.402,230.662,273.278,212.873,280.721,303.837,319.492,334.452,313.047,331.082,264.323,311.095,400.028,518.555,646.279,741.97,926.48,1071.151,926.359,1109.897,1257.941,1337.599,1457.007,1439.116,1292.431,1230.75,1237.217,1173.545,1171.493,1111.752,1266.014,1450.35,1692.912,1753.726,1791.686,1883.909,1985.312,2086.619,2190.848
East Asia,1571.628,1689.735,1606.475,1751.178,1854.99,1941.065,2660.754,3216.183,3924.276,4040.343,4112.099,4670.865,5157.129,5904.584,6416.901,7268.321,6847.586,6502.849,5955.332,6692.204,7253.835,6726.027,6750.836,7359.568,8153.114,8614.332,8991.802,9930.595,11373.93,11931.686,13616.575,15721.678,16860.509,17009.111,17744.739,17879.999,18605.031,19762.723,21592.202,22098.694,22594.259,25769.639,24915.616,24741.202,25635.709,27249.069,28826.441,30373.131,32002.52,33513.93
Eastern Europe ,165.523,175.648,189.517,191.755,184.588,182.672,188.526,192.748,228.064,222.139,167.19,148.694,291.559,453.885,599.701,772.436,889.824,936.545,816.527,703.895,766.064,867.373,980.337,1196.879,1524.824,1865.712,2262.386,2925.746,3656.479,2860.163,3234.39,3830.45,3887.631,4068.845,3829.422,2886.372,2830.657,3304.954,3608.72,3705.769,3488.84,4157.444,4592.715,4655.664,4836.385,5007.575,5194.401,5386.253,5577.837,5769.738
Europe,4010.764,3611.443,3497.089,3407.701,3274.003,3388.536,4559.019,5600.188,6269.324,6369.384,7800.334,8265.919,9117.147,8472.874,9109.108,10535.611,10836.176,10290.428,10463.991,10364.793,9749.227,9914.442,10836.976,13155.546,15285.79,16191.604,17498.073,20402.345,22436.552,19701.457,20020.33,22040.991,21104.356,21986.42,22337.948,19180.149,19182.237,20413.658,22018.967,21739.556,21028.882,24059.785,23966.739,25509.858,26471.023,27479.967,28541.655,29585.735,30684.374,31774.142
Middle East (Region),365.584,429.174,416.997,425.064,421.696,423.58,430.205,519.973,550.123,626.667,884.972,625.339,404.661,425.688,474.154,533.85,615.569,662.189,667.131,781.934,968.222,917.247,732.067,820.586,980.279,1196.697,1412.054,1678.763,2107.271,1866.836,2215.747,2657.487,2631.657,2745.374,2827.483,2459.501,2488.379,2677.694,2796.814,2706.67,2338.871,2828.038,3440.81,3397.339,3568.814,3749.484,3930.194,4127.969,4326.329,4549.498
North Africa,143.043,137.188,142.105,148.661,153.868,171.096,177.022,203.441,213.624,239.819,241.68,183.912,187.334,187.729,186.731,205.495,227.924,233.893,240.52,254.299,268.245,262.741,242.89,270.813,306.06,351.346,406.423,474.108,585.135,555.57,630.281,672.055,767.824,772.537,787.355,742.524,738.053,664.69,704.373,751.36,758.114,832.915,921.329,878.912,869.681,874.025,942.503,1012.721,1085.988,1160.639
North America,3389.979,3841.238,3900.909,4177.174,4630.542,4955.745,5140.043,5487.108,5985.876,6497.755,6897.431,7171.698,7576.992,8004.758,8460.472,8668.52,9181.222,9804.197,10308.4,10998.673,11799.344,12186.616,12572.461,13193.433,14143.43,15214.191,16242.497,17135.025,17577.907,16894.382,17870.126,18722.417,19438.988,20157.157,20880.829,21168.178,21549.466,22555.533,23739.083,24675.452,24202.574,27020.961,29482.342,31402.607,33158.053,34448.761,35842.702,37311.34,38841.462,40437.167
Pacific Islands ,5.925,5.89,5.639,5.535,5.337,4.991,5.437,5.707,7.229,7.165,6.952,7.91,9.035,10.063,11.104,10.519,11.244,10.921,8.646,8.468,8.233,7.516,7.538,9.306,10.749,12.325,13.609,15.376,17.947,17.124,20.364,25.221,28.97,29.292,31.615,29.911,29.315,32.015,33.828,34.385,32.408,34.432,40.79,41.054,42.429,43.993,45.567,47.322,49.269,51.271
South America,581.096,583.981,494.458,463.468,454.181,500.145,564.531,599.011,667.453,731.017,812.063,833.763,891.88,963.205,1146.486,1433.863,1538.986,1636.37,1615.772,1303.779,1378.406,1266.259,996.146,1073.371,1296.606,1656.005,2014.188,2505.399,3045.323,2933.025,3763.342,4404.486,4451.491,4432.974,4316.773,3521.033,3419.497,3873.565,3653.453,3475.509,2857.566,3324.9,3840.133,4180.298,4339.621,4484.009,4738.388,5007.564,5256.079,5514.165
South Asia,257.208,273.45,283.385,298.216,300.023,323.764,341.535,377.641,405.016,412.495,442.076,402.844,427.363,424.648,478.2,532.32,574.63,600.928,608.772,642.835,657.303,671.957,706.543,823.201,953.157,1085.315,1234.373,1549.237,1576.976,1719.755,2091.416,2301.606,2334.39,2399.418,2628.478,2752.881,2992.766,3414.998,3516.013,3639.334,3473.363,4065.508,4313.201,4491.642,4897.795,5362.861,5905.904,6510.704,7181.659,7923.1
Southeast Asia,245.909,248.004,263.685,270.473,307.009,262.444,278.037,300.723,313.323,332.896,379.161,425.617,483.711,542.728,621.004,723.187,804.373,762.392,517.126,607.191,647.056,625.157,698.141,785.977,888.809,991.55,1187.46,1416.863,1649.613,1631.95,2017.868,2345.697,2489.883,2575.377,2603.26,2530.56,2651.962,2861.353,3069.175,3253.569,3099.684,3405.388,3668.31,3812.45,4078.505,4385.128,4701.412,5035.473,5392.525,5766.217
Sub-Saharan Africa (Region) ,326.819,342.639,343.638,318.597,255.656,231.829,265.305,292.344,311.747,324.68,417.154,423.901,421.998,422.556,411.178,504.151,564.18,588.122,590.433,434.29,440.907,424.5,458.999,576.014,708.443,838.105,967.077,1122.387,1283.079,1223.886,1450.779,1655.555,1718.417,1807.938,1893.207,1705.317,1589.656,1679.108,1799.934,1815.209,1721.129,1938.813,2058.686,1978.121,1937.719,2051.966,2180.653,2331.112,2491.549,2663.767
Western Europe,3845.241,3435.795,3307.572,3215.946,3089.415,3205.864,4370.494,5407.44,6041.26,6147.245,7633.144,8117.225,8825.588,8018.988,8509.407,9763.175,9946.352,9353.884,9647.464,9660.898,8983.162,9047.069,9856.639,11958.667,13760.966,14325.893,15235.688,17476.599,18780.074,16841.295,16785.94,18210.541,17216.725,17917.575,18508.527,16293.778,16351.58,17108.704,18410.246,18033.787,17540.042,19902.341,19374.024,20854.194,21634.638,22472.393,23347.254,24199.482,25106.537,26004.404
Western Hemisphere (Region),4024.445,4480.309,4453.078,4700.075,5151.371,5517.066,5764.169,6144.294,6710.183,7291.943,7769.494,8074.245,8543.433,9048.033,9695.389,10203.681,10828.911,11558.8,12051.919,12433.995,13316.726,13597.612,13720.459,14418.135,15603.791,17062.873,18467.503,19879.878,20893.097,20087.089,21919.423,23444.887,24231.391,24948.704,25575.89,25085.72,25377.028,26859.474,27840.448,28611.358,27480.639,30830.151,33874.455,36186.222,38145.717,39620.542,41311.237,43091.362,44915.895,46818.719
ASEAN-5,208.639,229.269,239.197,233.223,242.907,234.883,228.952,241.508,278.672,318.986,363.369,406.573,460.837,515.3,588.415,682.569,758.546,714.207,467.858,553.957,587.767,564.573,633.787,712.337,798.144,885.81,1064.967,1272.689,1466.244,1442.416,1803.016,2079.545,2191.351,2252.206,2253.369,2177.95,2284.18,2462.823,2631.544,2781.979,2608.212,2894.798,3124.508,3239.734,3466.843,3722.653,3986.458,4264.578,4562.12,4872.686
Advanced economies,8481.573,8617,8556.3,8903.484,9309.991,9802.386,11969.345,13916.822,15718.734,16397.696,18405.507,19657.482,21148.868,21314.487,22895.564,25360.065,25538.001,25041.763,25132.648,26466.217,26924.575,26651.211,27803.117,31188.103,34601.241,36405.898,38279.186,41816.306,44181.81,41674.265,43521.482,46727.342,46557.439,47003.367,48101.601,45532.67,46769.281,48820.527,51655.901,52173.005,51288.504,57142.253,58145.509,61352.799,63812.329,66370.835,69055.6,71753.908,74614.774,77468.086
Emerging and Developing Asia,764.076,758.85,774.462,818.092,859.261,835.446,858.958,940.086,1049.399,1118.533,1123.29,1132.778,1282.354,1451.07,1514.59,1811.966,2052.69,2131.756,1973.056,2165.934,2324.273,2453.501,2689.29,3067.434,3557.502,4109.339,4883.142,6176.932,7432.29,8081.862,9734.858,11665.994,12860.777,14076.205,15214.418,15831.449,16280.385,17903.703,19742.058,20585.208,20832.481,24498.446,25015.914,25188.613,26686.077,28675.903,30720.031,32852.984,35124.596,37442.559
Emerging and Developing Europe,262.119,273.513,278.435,276.722,267.23,275.499,290.862,311.675,353.096,369.866,374.699,357.096,489.201,660.233,722.674,867.779,988.507,1049.598,932.536,803.787,892.325,912.068,1034.697,1275.437,1649.149,2050.884,2449.82,3143.138,3865.429,3020.949,3528.111,4136.998,4272.223,4512.688,4248.173,3294.224,3227.99,3647.076,3807.036,3879.712,3630.109,4310.549,4820.589,4997.887,5164.278,5293.887,5490.103,5687.908,5883.678,6078.685
Emerging market and developing economies,2751.864,2910.625,2755.04,2708.989,2716.164,2751.778,2823.425,3112.733,3427.805,3747.801,4225.791,3999.358,4193.209,4751.795,5127.374,5879.349,6570.496,6983.845,6744.32,6538.129,7173.368,7201.344,7160.624,8067.006,9582.987,11450.823,13553.781,16688.599,20031.932,19137.432,23005.636,27127.197,28748.229,30500.136,31494.581,29596.259,29625.781,32435.472,34590.526,35321.078,33969.077,39847.308,42517.438,43438.283,45716.887,48457.19,51527.805,54753.847,58118.083,61580.685
Euro area,no data,no data,no data,no data,no data,no data,no data,no data,no data,no data,no data,6113.031,6741.787,6127.716,6472.858,7639.428,7756.971,6966.152,7132.419,7140.996,6510.788,6607.755,7209.16,8878.924,10179.549,10557.421,11217.893,12926.883,14218.816,12982.495,12709.94,13699.146,12703.977,13255.481,13572.709,11727.61,12022.367,12732.677,13767.942,13483.203,13144.38,14763.826,14234.796,15544.978,16069.358,16634.699,17194.495,17733.389,18290.657,18829.127
European Union,3213.783,2841.604,2754.678,2693.519,2592.423,2669.607,3659.617,4484.642,4953.683,5042.513,6208.886,6618.138,7299.107,6670.984,7078.071,8285.366,8417.6,7729.525,7966.199,7927.226,7272.116,7384.239,8068.117,9917.203,11400.427,11902.762,12700.505,14720.06,16292.339,14749.711,14566.76,15763.206,14649.739,15294.976,15655.112,13554.554,13884.923,14761.625,15987.54,15695.021,15370.902,17321.575,16773.067,18347.354,18977.627,19680.208,20396.702,21091.679,21800.295,22495.567
Latin America and the Caribbean,876.619,950.083,777.875,706.911,737.831,791.593,783.559,832.026,938.2,1054.851,1179.676,1271.319,1394.101,1573.501,1788.535,1915.343,2079.847,2278.053,2301.004,2066.562,2259.443,2207.05,1958.664,1990.253,2279.82,2766.253,3245.271,3847.208,4476.743,4136.145,5154.722,5951.484,6047.514,6118.983,6059.568,5130.836,4939.795,5494.663,5357.665,5241.107,4398.897,5122.26,5855.437,6572.512,7004.688,7299.851,7699.634,8111.659,8512.283,8925.514
Major advanced economies (G7),6902.537,7119.553,7087.471,7479.7,7869.654,8342.659,10094.659,11601.43,13044.169,13540.768,14975.494,16044.28,17228.502,17574.035,18794.812,20501.17,20465.143,20198.727,20467.995,21579.271,22094.902,21837.357,22513.873,24850.231,27296.873,28496.052,29714.05,31914.842,33473.011,31868.581,33100.953,35198.819,35365.273,35413.996,36286.538,34859.182,35853.391,37119.473,39159.079,39866.497,39159.79,43174.358,44196.816,46800.246,48678.121,50581.874,52616.99,54663.837,56834.383,58991.231
Middle East and Central Asia,531.325,592.07,585.378,595.152,604.179,622.958,632.14,748.566,784.913,896.724,1135.646,819.496,611.49,652.184,698.993,789.596,896.476,949.336,960.964,1081.015,1272.115,1222.498,1039.727,1182.157,1418.018,1725.355,2058.823,2463.892,3045.744,2735.553,3210.063,3792.137,3906.867,4046.589,4148.776,3707.572,3661.862,3769.416,3927.65,3844.41,3432.579,4024.552,4814.101,4741.431,4965.982,5179.102,5482.678,5817.017,6154.19,6518.916
Other advanced economies,775.411,791.004,785.815,784.259,822.081,819.611,999.613,1230.517,1450.776,1577.731,1817.589,1930.794,2060.18,2033.666,2283.778,2692.01,2870.593,2781.596,2510.657,2689.162,2778.168,2695.247,2931.141,3377.602,3858.349,4254.685,4608.883,5270.792,5569.853,5121.813,5897.139,6737.71,6791.53,7021.335,7150.937,6579.533,6711.265,7213.794,7591.194,7454.576,7410.158,8603.101,8649.548,8748.888,9110.58,9536.576,9954.415,10372.563,10818.861,11272.286
Sub-Saharan Africa,317.724,336.109,338.889,312.112,247.664,226.282,257.905,280.38,302.196,307.827,412.48,418.669,416.062,414.807,402.582,494.666,552.976,575.103,576.76,420.831,425.212,406.226,438.247,551.726,678.499,798.99,916.725,1057.428,1211.726,1162.923,1377.883,1580.584,1660.847,1745.67,1823.646,1632.177,1515.749,1620.614,1756.116,1770.64,1675.01,1891.501,2011.398,1937.839,1895.862,2008.448,2135.359,2284.279,2443.336,2615.01
World,11233.437,11527.625,11311.34,11612.474,12026.154,12554.164,14792.77,17029.555,19146.539,20145.497,22631.298,23656.84,25342.077,26066.282,28022.937,31239.414,32108.497,32025.608,31876.968,33004.346,34097.943,33852.555,34963.741,39255.109,44184.228,47856.72,51832.967,58504.905,64213.742,60811.696,66527.118,73854.539,75305.668,77503.503,79596.182,75128.93,76395.062,81255.999,86246.426,87494.083,85257.581,96989.561,100662.948,104791.082,109529.216,114828.025,120583.405,126507.755,132732.857,139048.771
,,,,,,,,,,,,,,,,,,,,,,,,,,,,,,,,,,,,,,,,,,,,,,,,,,
"Â©IMF, 2024",,,,,,,,,,,,,,,,,,,,,,,,,,,,,,,,,,,,,,,,,,,,,,,,,,
